"estimator","meta_average_multiplier","heterogeneity_multiplier","setup_label","outlier_variant","measure","estimate","confidence_interval"
"multilevel_random",0.25,0,"meta_0p25_heterogeneity_0","outliers_removed","ESR_{0.05}^{all}","0.309","[0.292, 0.33]"
"multilevel_random",0.25,0,"meta_0p25_heterogeneity_0","outliers_removed","ESR_{0.05}^{sig}","0.586","[0.564, 0.621]"
"multilevel_random",0.25,0,"meta_0p25_heterogeneity_0","outliers_removed","No. of meta-analysis","708","0"
"multilevel_random",0.25,0,"meta_0p25_heterogeneity_0","outliers_removed","No. of tests","63823","0"
"pet_peese",0.25,0,"meta_0p25_heterogeneity_0","outliers_removed","ESR_{0.05}^{all}","0","[NA, NA]"
"pet_peese",0.25,0,"meta_0p25_heterogeneity_0","outliers_removed","ESR_{0.05}^{sig}","0","[NA, NA]"
"pet_peese",0.25,0,"meta_0p25_heterogeneity_0","outliers_removed","No. of meta-analysis","708","0"
"pet_peese",0.25,0,"meta_0p25_heterogeneity_0","outliers_removed","No. of tests","63807","0"
"multilevel_random",0.25,0.25,"meta_0p25_heterogeneity_0p25","outliers_removed","ESR_{0.05}^{all}","0.199","[0.177, 0.218]"
"multilevel_random",0.25,0.25,"meta_0p25_heterogeneity_0p25","outliers_removed","ESR_{0.05}^{sig}","0.378","[0.357, 0.408]"
"multilevel_random",0.25,0.25,"meta_0p25_heterogeneity_0p25","outliers_removed","No. of meta-analysis","708","0"
"multilevel_random",0.25,0.25,"meta_0p25_heterogeneity_0p25","outliers_removed","No. of tests","63823","0"
"pet_peese",0.25,0.25,"meta_0p25_heterogeneity_0p25","outliers_removed","ESR_{0.05}^{all}","0","[NA, NA]"
"pet_peese",0.25,0.25,"meta_0p25_heterogeneity_0p25","outliers_removed","ESR_{0.05}^{sig}","0","[NA, NA]"
"pet_peese",0.25,0.25,"meta_0p25_heterogeneity_0p25","outliers_removed","No. of meta-analysis","708","0"
"pet_peese",0.25,0.25,"meta_0p25_heterogeneity_0p25","outliers_removed","No. of tests","63807","0"
"multilevel_random",0.25,0.5,"meta_0p25_heterogeneity_0p5","outliers_removed","ESR_{0.05}^{all}","0.142","[0.117, 0.163]"
"multilevel_random",0.25,0.5,"meta_0p25_heterogeneity_0p5","outliers_removed","ESR_{0.05}^{sig}","0.27","[0.248, 0.3]"
"multilevel_random",0.25,0.5,"meta_0p25_heterogeneity_0p5","outliers_removed","No. of meta-analysis","708","0"
"multilevel_random",0.25,0.5,"meta_0p25_heterogeneity_0p5","outliers_removed","No. of tests","63823","0"
"pet_peese",0.25,0.5,"meta_0p25_heterogeneity_0p5","outliers_removed","ESR_{0.05}^{all}","0","[NA, NA]"
"pet_peese",0.25,0.5,"meta_0p25_heterogeneity_0p5","outliers_removed","ESR_{0.05}^{sig}","0","[NA, NA]"
"pet_peese",0.25,0.5,"meta_0p25_heterogeneity_0p5","outliers_removed","No. of meta-analysis","708","0"
"pet_peese",0.25,0.5,"meta_0p25_heterogeneity_0p5","outliers_removed","No. of tests","63807","0"
"multilevel_random",0.25,0.75,"meta_0p25_heterogeneity_0p75","outliers_removed","ESR_{0.05}^{all}","0.104","[0.077, 0.126]"
"multilevel_random",0.25,0.75,"meta_0p25_heterogeneity_0p75","outliers_removed","ESR_{0.05}^{sig}","0.197","[0.175, 0.228]"
"multilevel_random",0.25,0.75,"meta_0p25_heterogeneity_0p75","outliers_removed","No. of meta-analysis","708","0"
"multilevel_random",0.25,0.75,"meta_0p25_heterogeneity_0p75","outliers_removed","No. of tests","63823","0"
"pet_peese",0.25,0.75,"meta_0p25_heterogeneity_0p75","outliers_removed","ESR_{0.05}^{all}","0","[NA, NA]"
"pet_peese",0.25,0.75,"meta_0p25_heterogeneity_0p75","outliers_removed","ESR_{0.05}^{sig}","0","[NA, NA]"
"pet_peese",0.25,0.75,"meta_0p25_heterogeneity_0p75","outliers_removed","No. of meta-analysis","708","0"
"pet_peese",0.25,0.75,"meta_0p25_heterogeneity_0p75","outliers_removed","No. of tests","63807","0"
"multilevel_random",0.5,0,"meta_0p5_heterogeneity_0","outliers_removed","0.9 < p","-0.002","[-0.006, 0]"
"multilevel_random",0.5,0,"meta_0p5_heterogeneity_0","outliers_removed","0.8 < p < 0.9","-0.015","[-0.018, -0.013]"
"multilevel_random",0.5,0,"meta_0p5_heterogeneity_0","outliers_removed","0.7 < p < 0.8","-0.015","[-0.019, -0.013]"
"multilevel_random",0.5,0,"meta_0p5_heterogeneity_0","outliers_removed","0.6 < p < 0.7","-0.02","[-0.023, -0.017]"
"multilevel_random",0.5,0,"meta_0p5_heterogeneity_0","outliers_removed","0.5 < p < 0.6","-0.015","[-0.018, -0.013]"
"multilevel_random",0.5,0,"meta_0p5_heterogeneity_0","outliers_removed","0.4 < p < 0.5","-0.021","[-0.024, -0.019]"
"multilevel_random",0.5,0,"meta_0p5_heterogeneity_0","outliers_removed","0.3 < p < 0.4","-0.025","[-0.028, -0.023]"
"multilevel_random",0.5,0,"meta_0p5_heterogeneity_0","outliers_removed","0.2 < p < 0.3","-0.029","[-0.032, -0.027]"
"multilevel_random",0.5,0,"meta_0p5_heterogeneity_0","outliers_removed","0.1 < p < 0.2","-0.03","[-0.034, -0.028]"
"multilevel_random",0.5,0,"meta_0p5_heterogeneity_0","outliers_removed","0.05 < p < 0.1","-0.015","[-0.017, -0.012]"
"multilevel_random",0.5,0,"meta_0p5_heterogeneity_0","outliers_removed","0.01 < p < 0.05","-0.002","[-0.007, 0.003]"
"multilevel_random",0.5,0,"meta_0p5_heterogeneity_0","outliers_removed","0.001 < p < 0.01","0.014","[0.01, 0.019]"
"multilevel_random",0.5,0,"meta_0p5_heterogeneity_0","outliers_removed","p < 0.001","0.175","[0.156, 0.2]"
"multilevel_random",0.5,0,"meta_0p5_heterogeneity_0","outliers_removed","ESR_{0.1}^{all}","0.173","[0.153, 0.198]"
"multilevel_random",0.5,0,"meta_0p5_heterogeneity_0","outliers_removed","ESR_{0.05}^{all}","0.187","[0.167, 0.212]"
"multilevel_random",0.5,0,"meta_0p5_heterogeneity_0","outliers_removed","ESR_{0.1}^{sig}","0.299","[0.274, 0.33]"
"multilevel_random",0.5,0,"meta_0p5_heterogeneity_0","outliers_removed","ESR_{0.05}^{sig}","0.356","[0.331, 0.392]"
"multilevel_random",0.5,0,"meta_0p5_heterogeneity_0","outliers_removed","No. of meta-analysis","708","0"
"multilevel_random",0.5,0,"meta_0p5_heterogeneity_0","outliers_removed","No. of tests","63823","0"
"pet_peese",0.5,0,"meta_0p5_heterogeneity_0","outliers_removed","ESR_{0.05}^{all}","0","[NA, NA]"
"pet_peese",0.5,0,"meta_0p5_heterogeneity_0","outliers_removed","ESR_{0.05}^{sig}","0","[NA, NA]"
"pet_peese",0.5,0,"meta_0p5_heterogeneity_0","outliers_removed","No. of meta-analysis","708","0"
"pet_peese",0.5,0,"meta_0p5_heterogeneity_0","outliers_removed","No. of tests","63807","0"
"multilevel_random",0.5,0.25,"meta_0p5_heterogeneity_0p25","outliers_removed","0.9 < p","0.001","[-0.001, 0.003]"
"multilevel_random",0.5,0.25,"meta_0p5_heterogeneity_0p25","outliers_removed","0.8 < p < 0.9","-0.011","[-0.014, -0.009]"
"multilevel_random",0.5,0.25,"meta_0p5_heterogeneity_0p25","outliers_removed","0.7 < p < 0.8","-0.012","[-0.014, -0.01]"
"multilevel_random",0.5,0.25,"meta_0p5_heterogeneity_0p25","outliers_removed","0.6 < p < 0.7","-0.016","[-0.018, -0.014]"
"multilevel_random",0.5,0.25,"meta_0p5_heterogeneity_0p25","outliers_removed","0.5 < p < 0.6","-0.011","[-0.013, -0.009]"
"multilevel_random",0.5,0.25,"meta_0p5_heterogeneity_0p25","outliers_removed","0.4 < p < 0.5","-0.017","[-0.019, -0.015]"
"multilevel_random",0.5,0.25,"meta_0p5_heterogeneity_0p25","outliers_removed","0.3 < p < 0.4","-0.021","[-0.023, -0.019]"
"multilevel_random",0.5,0.25,"meta_0p5_heterogeneity_0p25","outliers_removed","0.2 < p < 0.3","-0.024","[-0.026, -0.022]"
"multilevel_random",0.5,0.25,"meta_0p5_heterogeneity_0p25","outliers_removed","0.1 < p < 0.2","-0.023","[-0.026, -0.021]"
"multilevel_random",0.5,0.25,"meta_0p5_heterogeneity_0p25","outliers_removed","0.05 < p < 0.1","-0.01","[-0.012, -0.009]"
"multilevel_random",0.5,0.25,"meta_0p5_heterogeneity_0p25","outliers_removed","0.01 < p < 0.05","0.001","[-0.002, 0.004]"
"multilevel_random",0.5,0.25,"meta_0p5_heterogeneity_0p25","outliers_removed","0.001 < p < 0.01","0.011","[0.008, 0.015]"
"multilevel_random",0.5,0.25,"meta_0p5_heterogeneity_0p25","outliers_removed","p < 0.001","0.131","[0.113, 0.152]"
"multilevel_random",0.5,0.25,"meta_0p5_heterogeneity_0p25","outliers_removed","ESR_{0.1}^{all}","0.133","[0.115, 0.152]"
"multilevel_random",0.5,0.25,"meta_0p5_heterogeneity_0p25","outliers_removed","ESR_{0.05}^{all}","0.143","[0.124, 0.163]"
"multilevel_random",0.5,0.25,"meta_0p5_heterogeneity_0p25","outliers_removed","ESR_{0.1}^{sig}","0.229","[0.213, 0.251]"
"multilevel_random",0.5,0.25,"meta_0p5_heterogeneity_0p25","outliers_removed","ESR_{0.05}^{sig}","0.272","[0.255, 0.296]"
"multilevel_random",0.5,0.25,"meta_0p5_heterogeneity_0p25","outliers_removed","No. of meta-analysis","708","0"
"multilevel_random",0.5,0.25,"meta_0p5_heterogeneity_0p25","outliers_removed","No. of tests","63823","0"
"pet_peese",0.5,0.25,"meta_0p5_heterogeneity_0p25","outliers_removed","ESR_{0.05}^{all}","0","[NA, NA]"
"pet_peese",0.5,0.25,"meta_0p5_heterogeneity_0p25","outliers_removed","ESR_{0.05}^{sig}","0","[NA, NA]"
"pet_peese",0.5,0.25,"meta_0p5_heterogeneity_0p25","outliers_removed","No. of meta-analysis","708","0"
"pet_peese",0.5,0.25,"meta_0p5_heterogeneity_0p25","outliers_removed","No. of tests","63807","0"
"multilevel_random",0.5,0.5,"meta_0p5_heterogeneity_0p5","outliers_removed","0.9 < p","0.005","[0.003, 0.008]"
"multilevel_random",0.5,0.5,"meta_0p5_heterogeneity_0p5","outliers_removed","0.8 < p < 0.9","-0.007","[-0.009, -0.005]"
"multilevel_random",0.5,0.5,"meta_0p5_heterogeneity_0p5","outliers_removed","0.7 < p < 0.8","-0.007","[-0.01, -0.005]"
"multilevel_random",0.5,0.5,"meta_0p5_heterogeneity_0p5","outliers_removed","0.6 < p < 0.7","-0.012","[-0.014, -0.009]"
"multilevel_random",0.5,0.5,"meta_0p5_heterogeneity_0p5","outliers_removed","0.5 < p < 0.6","-0.007","[-0.009, -0.005]"
"multilevel_random",0.5,0.5,"meta_0p5_heterogeneity_0p5","outliers_removed","0.4 < p < 0.5","-0.012","[-0.014, -0.01]"
"multilevel_random",0.5,0.5,"meta_0p5_heterogeneity_0p5","outliers_removed","0.3 < p < 0.4","-0.016","[-0.018, -0.014]"
"multilevel_random",0.5,0.5,"meta_0p5_heterogeneity_0p5","outliers_removed","0.2 < p < 0.3","-0.019","[-0.021, -0.017]"
"multilevel_random",0.5,0.5,"meta_0p5_heterogeneity_0p5","outliers_removed","0.1 < p < 0.2","-0.019","[-0.021, -0.016]"
"multilevel_random",0.5,0.5,"meta_0p5_heterogeneity_0p5","outliers_removed","0.05 < p < 0.1","-0.009","[-0.01, -0.007]"
"multilevel_random",0.5,0.5,"meta_0p5_heterogeneity_0p5","outliers_removed","0.01 < p < 0.05","0.001","[-0.003, 0.004]"
"multilevel_random",0.5,0.5,"meta_0p5_heterogeneity_0p5","outliers_removed","0.001 < p < 0.01","0.008","[0.005, 0.012]"
"multilevel_random",0.5,0.5,"meta_0p5_heterogeneity_0p5","outliers_removed","p < 0.001","0.094","[0.073, 0.115]"
"multilevel_random",0.5,0.5,"meta_0p5_heterogeneity_0p5","outliers_removed","ESR_{0.1}^{all}","0.094","[0.074, 0.113]"
"multilevel_random",0.5,0.5,"meta_0p5_heterogeneity_0p5","outliers_removed","ESR_{0.05}^{all}","0.103","[0.081, 0.122]"
"multilevel_random",0.5,0.5,"meta_0p5_heterogeneity_0p5","outliers_removed","ESR_{0.1}^{sig}","0.163","[0.148, 0.185]"
"multilevel_random",0.5,0.5,"meta_0p5_heterogeneity_0p5","outliers_removed","ESR_{0.05}^{sig}","0.195","[0.178, 0.219]"
"multilevel_random",0.5,0.5,"meta_0p5_heterogeneity_0p5","outliers_removed","No. of meta-analysis","708","0"
"multilevel_random",0.5,0.5,"meta_0p5_heterogeneity_0p5","outliers_removed","No. of tests","63823","0"
"pet_peese",0.5,0.5,"meta_0p5_heterogeneity_0p5","outliers_removed","ESR_{0.05}^{all}","0","[NA, NA]"
"pet_peese",0.5,0.5,"meta_0p5_heterogeneity_0p5","outliers_removed","ESR_{0.05}^{sig}","0","[NA, NA]"
"pet_peese",0.5,0.5,"meta_0p5_heterogeneity_0p5","outliers_removed","No. of meta-analysis","708","0"
"pet_peese",0.5,0.5,"meta_0p5_heterogeneity_0p5","outliers_removed","No. of tests","63807","0"
"multilevel_random",0.5,0.75,"meta_0p5_heterogeneity_0p75","outliers_removed","0.9 < p","0.008","[0.006, 0.011]"
"multilevel_random",0.5,0.75,"meta_0p5_heterogeneity_0p75","outliers_removed","0.8 < p < 0.9","-0.004","[-0.006, -0.002]"
"multilevel_random",0.5,0.75,"meta_0p5_heterogeneity_0p75","outliers_removed","0.7 < p < 0.8","-0.004","[-0.007, -0.002]"
"multilevel_random",0.5,0.75,"meta_0p5_heterogeneity_0p75","outliers_removed","0.6 < p < 0.7","-0.008","[-0.011, -0.006]"
"multilevel_random",0.5,0.75,"meta_0p5_heterogeneity_0p75","outliers_removed","0.5 < p < 0.6","-0.004","[-0.006, -0.001]"
"multilevel_random",0.5,0.75,"meta_0p5_heterogeneity_0p75","outliers_removed","0.4 < p < 0.5","-0.009","[-0.011, -0.007]"
"multilevel_random",0.5,0.75,"meta_0p5_heterogeneity_0p75","outliers_removed","0.3 < p < 0.4","-0.013","[-0.015, -0.011]"
"multilevel_random",0.5,0.75,"meta_0p5_heterogeneity_0p75","outliers_removed","0.2 < p < 0.3","-0.016","[-0.018, -0.013]"
"multilevel_random",0.5,0.75,"meta_0p5_heterogeneity_0p75","outliers_removed","0.1 < p < 0.2","-0.015","[-0.018, -0.013]"
"multilevel_random",0.5,0.75,"meta_0p5_heterogeneity_0p75","outliers_removed","0.05 < p < 0.1","-0.007","[-0.009, -0.005]"
"multilevel_random",0.5,0.75,"meta_0p5_heterogeneity_0p75","outliers_removed","0.01 < p < 0.05","0.001","[-0.002, 0.004]"
"multilevel_random",0.5,0.75,"meta_0p5_heterogeneity_0p75","outliers_removed","0.001 < p < 0.01","0.006","[0.003, 0.01]"
"multilevel_random",0.5,0.75,"meta_0p5_heterogeneity_0p75","outliers_removed","p < 0.001","0.066","[0.042, 0.086]"
"multilevel_random",0.5,0.75,"meta_0p5_heterogeneity_0p75","outliers_removed","ESR_{0.1}^{all}","0.066","[0.044, 0.085]"
"multilevel_random",0.5,0.75,"meta_0p5_heterogeneity_0p75","outliers_removed","ESR_{0.05}^{all}","0.073","[0.05, 0.093]"
"multilevel_random",0.5,0.75,"meta_0p5_heterogeneity_0p75","outliers_removed","ESR_{0.1}^{sig}","0.114","[0.098, 0.136]"
"multilevel_random",0.5,0.75,"meta_0p5_heterogeneity_0p75","outliers_removed","ESR_{0.05}^{sig}","0.138","[0.121, 0.163]"
"multilevel_random",0.5,0.75,"meta_0p5_heterogeneity_0p75","outliers_removed","No. of meta-analysis","708","0"
"multilevel_random",0.5,0.75,"meta_0p5_heterogeneity_0p75","outliers_removed","No. of tests","63823","0"
"pet_peese",0.5,0.75,"meta_0p5_heterogeneity_0p75","outliers_removed","ESR_{0.05}^{all}","0","[NA, NA]"
"pet_peese",0.5,0.75,"meta_0p5_heterogeneity_0p75","outliers_removed","ESR_{0.05}^{sig}","0","[NA, NA]"
"pet_peese",0.5,0.75,"meta_0p5_heterogeneity_0p75","outliers_removed","No. of meta-analysis","708","0"
"pet_peese",0.5,0.75,"meta_0p5_heterogeneity_0p75","outliers_removed","No. of tests","63807","0"
"multilevel_random",1,0,"meta_1_heterogeneity_0","outliers_removed","ESR_{0.05}^{all}","0.006","[-0.016, 0.043]"
"multilevel_random",1,0,"meta_1_heterogeneity_0","outliers_removed","ESR_{0.05}^{sig}","0.011","[-0.025, 0.064]"
"multilevel_random",1,0,"meta_1_heterogeneity_0","outliers_removed","No. of meta-analysis","708","0"
"multilevel_random",1,0,"meta_1_heterogeneity_0","outliers_removed","No. of tests","63823","0"
"pet_peese",1,0,"meta_1_heterogeneity_0","outliers_removed","ESR_{0.05}^{all}","0","[NA, NA]"
"pet_peese",1,0,"meta_1_heterogeneity_0","outliers_removed","ESR_{0.05}^{sig}","0","[NA, NA]"
"pet_peese",1,0,"meta_1_heterogeneity_0","outliers_removed","No. of meta-analysis","708","0"
"pet_peese",1,0,"meta_1_heterogeneity_0","outliers_removed","No. of tests","63807","0"
"multilevel_random",1,0.25,"meta_1_heterogeneity_0p25","outliers_removed","ESR_{0.05}^{all}","0.014","[-0.005, 0.045]"
"multilevel_random",1,0.25,"meta_1_heterogeneity_0p25","outliers_removed","ESR_{0.05}^{sig}","0.027","[-0.004, 0.068]"
"multilevel_random",1,0.25,"meta_1_heterogeneity_0p25","outliers_removed","No. of meta-analysis","708","0"
"multilevel_random",1,0.25,"meta_1_heterogeneity_0p25","outliers_removed","No. of tests","63823","0"
"pet_peese",1,0.25,"meta_1_heterogeneity_0p25","outliers_removed","ESR_{0.05}^{all}","0","[NA, NA]"
"pet_peese",1,0.25,"meta_1_heterogeneity_0p25","outliers_removed","ESR_{0.05}^{sig}","0","[NA, NA]"
"pet_peese",1,0.25,"meta_1_heterogeneity_0p25","outliers_removed","No. of meta-analysis","708","0"
"pet_peese",1,0.25,"meta_1_heterogeneity_0p25","outliers_removed","No. of tests","63807","0"
"multilevel_random",1,0.5,"meta_1_heterogeneity_0p5","outliers_removed","ESR_{0.05}^{all}","0.003","[-0.015, 0.03]"
"multilevel_random",1,0.5,"meta_1_heterogeneity_0p5","outliers_removed","ESR_{0.05}^{sig}","0.006","[-0.023, 0.042]"
"multilevel_random",1,0.5,"meta_1_heterogeneity_0p5","outliers_removed","No. of meta-analysis","708","0"
"multilevel_random",1,0.5,"meta_1_heterogeneity_0p5","outliers_removed","No. of tests","63823","0"
"pet_peese",1,0.5,"meta_1_heterogeneity_0p5","outliers_removed","ESR_{0.05}^{all}","0","[NA, NA]"
"pet_peese",1,0.5,"meta_1_heterogeneity_0p5","outliers_removed","ESR_{0.05}^{sig}","0","[NA, NA]"
"pet_peese",1,0.5,"meta_1_heterogeneity_0p5","outliers_removed","No. of meta-analysis","708","0"
"pet_peese",1,0.5,"meta_1_heterogeneity_0p5","outliers_removed","No. of tests","63807","0"
"multilevel_random",1,0.75,"meta_1_heterogeneity_0p75","outliers_removed","ESR_{0.05}^{all}","-0.009","[-0.028, 0.014]"
"multilevel_random",1,0.75,"meta_1_heterogeneity_0p75","outliers_removed","ESR_{0.05}^{sig}","-0.018","[-0.047, 0.014]"
"multilevel_random",1,0.75,"meta_1_heterogeneity_0p75","outliers_removed","No. of meta-analysis","708","0"
"multilevel_random",1,0.75,"meta_1_heterogeneity_0p75","outliers_removed","No. of tests","63823","0"
"pet_peese",1,0.75,"meta_1_heterogeneity_0p75","outliers_removed","ESR_{0.05}^{all}","0","[NA, NA]"
"pet_peese",1,0.75,"meta_1_heterogeneity_0p75","outliers_removed","ESR_{0.05}^{sig}","0","[NA, NA]"
"pet_peese",1,0.75,"meta_1_heterogeneity_0p75","outliers_removed","No. of meta-analysis","708","0"
"pet_peese",1,0.75,"meta_1_heterogeneity_0p75","outliers_removed","No. of tests","63807","0"
