cID,k_all_data,k_outlier_removed,n_outliers_removed,pet_peese_method_all_data,pet_peese_method_outlier_removed,pet_peese_estimate_all_data,pet_peese_estimate_outlier_removed,random_effect_estimate_all_data,random_effect_estimate_outlier_removed
10-1,341,328,13,PEESE,PEESE,-0.2709744238446759,-0.37276688690497917,1.6803292662788503,1.7275404613851648
1002-1,60,60,0,PEESE,PEESE,0.11673895059752747,0.11673895059752747,0.10247960235798059,0.10247960235798059
1009-1,13,13,0,PET,PET,-0.024314930795390176,-0.024314930795390176,-0.1416845153693357,-0.1416845153693357
1023-1,279,279,0,PET,PET,-0.1515925429662821,-0.1515925429662821,-0.18333295090210636,-0.18333295090210636
1023-2,279,270,9,PET,PEESE,-0.540324429596855,-0.47589130933204615,-0.1291731065938826,-0.10323356038840167
1062-1,41,41,0,PEESE,PEESE,-0.47856431216560913,-0.47856431216560913,-0.610871764887185,-0.610871764887185
1062-2,38,38,0,PEESE,PEESE,-1.0399139171673035,-1.0399139171673035,-1.2282525523151515,-1.2282525523151515
1075-1,39,39,0,PEESE,PEESE,-0.1522834625611061,-0.1522834625611061,-0.10847694398845328,-0.10847694398845328
1075-2,19,19,0,PEESE,PEESE,-0.11364618764693987,-0.11364618764693987,-0.06889315158685293,-0.06889315158685293
1077-1,8,6,2,PEESE,PEESE,-2.37192617740203,-1.713838650829382,0.3134575113499197,2.153097397732613
1077-2,8,7,1,PET,PET,-2.6378897420780345,-1.9085953016292652,-2.2577055911470345,-1.6363029514083638
109-1,35,35,0,PET,PET,2.134632383677872,2.134632383677872,-0.36045093913934195,-0.36045093913934195
1108-1,13,5,8,PET,PEESE,-0.37001841349342246,0.37448999117992915,-2.7560119492818034,-1.594591250194959
1108-3,24,13,11,PET,PET,-1.1897852478057185,1.1406518904253375,-5.057823397459502,-3.3482384677666768
1111-1,146,146,0,PET,PET,-0.09229136760314906,-0.09229136760314906,-0.10242111295227407,-0.10242111295227407
1111-2,109,109,0,PET,PET,-0.20577738112219676,-0.20577738112219676,-0.2942705566568781,-0.2942705566568781
1111-3,432,414,18,PEESE,PEESE,-0.36997298779112603,-0.35880991825573266,-0.43513837100402497,-0.4097618158701573
1117-1,882,877,5,PEESE,PEESE,0.3273492753138364,0.3632762381373644,0.3980108751534843,0.41475314977380073
1117-2,1217,1212,5,PEESE,PET,-0.1263641401392781,-0.0962317041024074,-0.1529866310879748,-0.14636391715058217
1125-1,587,568,19,PEESE,PEESE,-0.7734217403284696,-0.7301597211590002,-0.8239075430113354,-0.7245384750158772
1125-2,353,349,4,PET,PET,-0.8081255688248062,-0.7325673302677489,-0.5904774024121634,-0.5658114131220962
1125-3,134,134,0,PET,PET,-0.6747889196446465,-0.6747889196446465,-0.5883631736640126,-0.5883631736640126
1125-4,199,194,5,PET,PET,-1.1257103232744692,-1.1259153892509033,-1.1485923291218085,-1.1253611108086579
1138-1,71,71,0,PET,PET,-0.0317470109470642,-0.0317470109470642,-0.13669339703215586,-0.13669339703215586
1138-11,66,66,0,PET,PET,0.026892399978609437,0.026892399978609437,-0.04617325608942585,-0.04617325608942585
1138-2,54,54,0,PET,PET,0.06133978875844741,0.06133978875844741,-0.061428616135058824,-0.061428616135058824
1138-3,71,71,0,PET,PET,-0.0011338658472624143,-0.0011338658472624143,0.0052048754525099925,0.0052048754525099925
1138-4,54,54,0,PET,PET,-0.022918327599374733,-0.022918327599374733,-0.003059511729383172,-0.003059511729383172
1138-5,71,71,0,PEESE,PEESE,0.1458664636977207,0.1458664636977207,0.22762873730203054,0.22762873730203054
1138-6,54,54,0,PEESE,PEESE,0.2014323877221878,0.2014323877221878,0.15720955047101945,0.15720955047101945
1138-7,53,53,0,PET,PET,-0.027293484134723506,-0.027293484134723506,-0.10329629371011095,-0.10329629371011095
1138-8,49,49,0,PET,PET,0.06751206258175729,0.06751206258175729,-0.1164921327083394,-0.1164921327083394
1138-9,66,66,0,PET,PET,-0.5148242614305926,-0.5148242614305926,-0.2679328469043921,-0.2679328469043921
1187-1,210,210,0,PEESE,PEESE,0.11965022085699006,0.11965022085699006,0.1279979731946152,0.1279979731946152
1187-2,56,56,0,PEESE,PEESE,-0.12464459934896716,-0.12464459934896716,-0.1489437322124884,-0.1489437322124884
1187-3,73,73,0,PET,PET,-0.0023992318824002756,-0.0023992318824002756,-0.021643460854790086,-0.021643460854790086
1192-1,46,46,0,PET,PET,-0.01885261361202517,-0.01885261361202517,-1.9729534808003713e-4,-1.9729534808003713e-4
1192-2,84,84,0,PEESE,PEESE,-0.11565344791124749,-0.11565344791124749,-0.022081762842275886,-0.022081762842275886
1197-1,359,359,0,PEESE,PEESE,0.07515431883333985,0.07515431883333985,0.12967219852848463,0.12967219852848463
1197-10,111,111,0,PET,PET,0.19284051512899142,0.19284051512899142,0.23464812674509813,0.23464812674509813
1197-11,162,162,0,PET,PET,0.10807227454812691,0.10807227454812691,0.16135311443595132,0.16135311443595132
1197-12,274,272,2,PET,PET,-0.04237626135463599,0.0145119575212788,0.06967633415567176,0.0628512670654855
1197-13,163,163,0,PET,PET,-0.029148044397306835,-0.029148044397306835,0.07486202638364359,0.07486202638364359
1197-14,255,253,2,PET,PET,0.2804524595461698,0.35490445427642797,0.13853769572501254,0.0884641469346048
1197-15,163,163,0,PET,PET,0.10658873187230612,0.10658873187230612,0.08206212186902637,0.08206212186902637
1197-18,90,90,0,PET,PET,0.022914842257467653,0.022914842257467653,0.084322924128071,0.084322924128071
1197-2,350,350,0,PET,PET,-0.08231143594695173,-0.08231143594695173,-0.05465531593618491,-0.05465531593618491
1197-5,129,129,0,PET,PET,-0.08207591986438309,-0.08207591986438309,0.002087752293123412,0.002087752293123412
1197-6,365,365,0,PET,PET,0.02482117994727606,0.02482117994727606,0.01123200732578414,0.01123200732578414
1197-7,220,220,0,PET,PET,0.11026494229864747,0.11026494229864747,0.15600190141085546,0.15600190141085546
1209-10,141,141,0,PEESE,PEESE,0.7776443244361058,0.7776443244361058,0.6534660777011745,0.6534660777011745
1209-2,144,144,0,PET,PET,0.14451950935598373,0.14451950935598373,-0.31082877430395306,-0.31082877430395306
1209-5,153,151,2,PET,PET,0.05348571732522797,-0.11058543484270977,-0.31037737854347264,-0.2831462206791389
1209-7,87,85,2,PEESE,PEESE,1.0570288460122863,0.9480430278278656,1.1590218523695792,1.100275765561572
1209-9,77,77,0,PET,PET,-0.0030269660462067336,-0.0030269660462067336,-0.23790882365436958,-0.23790882365436958
125-1,215,215,0,PET,PET,-0.05309747414258835,-0.05309747414258835,0.030947518898884047,0.030947518898884047
125-2,199,199,0,PET,PET,0.02559370623300623,0.02559370623300623,0.0761181941490403,0.0761181941490403
125-3,81,81,0,PEESE,PEESE,0.010093198315672762,0.010093198315672762,0.042670582187255335,0.042670582187255335
125-4,66,66,0,PET,PET,0.0224370579357494,0.0224370579357494,0.010052191123179184,0.010052191123179184
127-1,9,8,1,PET,PEESE,1.3287181350423574,1.9211044324716289,1.1044516368069437,1.831437419383231
127-2,8,7,1,PET,PEESE,0.6303755472487531,1.1792444756204616,0.050723498867301944,0.8750527729633488
127-3,7,6,1,PET,PET,-0.13115387424666136,-1.0329319829357586,1.020947209869083,1.093769728955953
127-8,8,6,2,PEESE,PEESE,2.6533526807923966,2.822825331131596,2.2977669386166504,2.4510075753938527
127-9,7,6,1,PEESE,PET,2.2121398868265563,4.34972794600198,1.2097893548169425,2.2038691559172334
128-1,43,43,0,PET,PET,-0.012225895599485148,-0.012225895599485148,-0.6348396670492991,-0.6348396670492991
128-4,234,233,1,PEESE,PEESE,-0.18225321071257203,-0.18320777394875365,-0.19872169901009315,-0.19801044640306248
128-5,147,145,2,PET,PET,-0.04442828817599874,0.03642355478862454,-0.32315480468208496,-0.15582321318243963
1293-1,34,32,2,PET,PET,-0.4531326180982127,-0.6023488380119066,-0.06407397581158372,-0.07524267180531664
1306-1,17,17,0,PET,PET,0.20047925875987435,0.20047925875987435,0.09939426718650501,0.09939426718650501
1307-1,67,10,57,PEESE,PEESE,11.088772236707642,9.99824922267483,19.409067716932885,20.55660150242537
134-11,6,6,0,PET,PET,0.008524183111286889,0.008524183111286889,0.0054257600780052186,0.0054257600780052186
134-12,5,5,0,PET,PET,0.020471025277889604,0.020471025277889604,-0.004781242095968294,-0.004781242095968294
134-15,5,5,0,PET,PET,0.04396298182840786,0.04396298182840786,-0.0030203496630364125,-0.0030203496630364125
134-2,10,10,0,PET,PET,0.04391504579451701,0.04391504579451701,0.04670203275873704,0.04670203275873704
134-3,7,7,0,PET,PET,0.167525062846966,0.167525062846966,0.11716141959378396,0.11716141959378396
134-5,5,5,0,PET,PET,-0.017669668230684027,-0.017669668230684027,-0.01188836744638479,-0.01188836744638479
134-8,5,5,0,PET,PET,0.18977779704324807,0.18977779704324807,0.3178614113515771,0.3178614113515771
1346-1,9,9,0,PET,PET,-0.07954853050071486,-0.07954853050071486,0.005489439692916043,0.005489439692916043
1349-1,8,8,0,PET,PET,-0.5843756557326661,-0.5843756557326661,-0.1390323307814231,-0.1390323307814231
1349-2,8,6,2,PET,PET,0.4402133896734276,0.18280144416548927,-0.9306242547874427,-1.249289603205636
1349-4,5,5,0,PET,PET,-0.7109150422525775,-0.7109150422525775,-0.3696917446897047,-0.3696917446897047
1349-5,5,5,0,PET,PET,-0.32472215001668037,-0.32472215001668037,-0.8719543111184374,-0.8719543111184374
135-1,41,7,34,PEESE,PEESE,27.038929857530285,28.143802744383606,42.132662260882086,30.106821687889518
135-2,6,0,6,PEESE,PET-PEESE not estimable,38.885862150933114,NA,33.304820952529745,NA
135-3,27,23,4,PEESE,PEESE,0.4898663127848269,0.48708671328832237,2.125228959669575,2.1809016669893757
135-4,27,18,9,PEESE,PEESE,8.389744162031278,7.863329849827229,7.505846036499511,7.66623597000261
135-5,20,9,11,PET,PEESE,22.09251582655277,22.76206444671807,27.731762568955638,22.95644734984601
135-6,35,6,29,PEESE,PEESE,16.050361103054296,15.691867641339798,24.94656868463208,16.900825268340384
135-7,96,96,0,PEESE,PEESE,0.00566170047654891,0.00566170047654891,0.012996804023121467,0.012996804023121467
1350-1,19,19,0,PEESE,PEESE,0.1340548413471043,0.1340548413471043,0.1607379976790724,0.1607379976790724
1350-2,12,12,0,PET,PET,0.006819958809025339,0.006819958809025339,0.09237172483995149,0.09237172483995149
1350-3,16,16,0,PET,PET,0.025693555038179005,0.025693555038179005,0.05616767298329161,0.05616767298329161
1369-1,16,16,0,PET,PET,0.023683601290036202,0.023683601290036202,0.09830937446136553,0.09830937446136553
1370-1,16,16,0,PET,PET,0.03165798697781208,0.03165798697781208,0.23894725173956044,0.23894725173956044
1408-1,16,16,0,PET,PET,0.036515475927508284,0.036515475927508284,0.1675326354774749,0.1675326354774749
1408-2,20,20,0,PEESE,PEESE,0.8535538765727378,0.8535538765727378,0.697819806159314,0.697819806159314
1408-4,40,40,0,PEESE,PEESE,0.10772309836631278,0.10772309836631278,0.26602956092557134,0.26602956092557134
1412-1,10,10,0,PET,PET,-0.0819926224113538,-0.0819926224113538,0.24122556655705504,0.24122556655705504
1412-2,11,11,0,PET,PET,-0.025909412800858317,-0.025909412800858317,0.10521672034297272,0.10521672034297272
142-1,992,992,0,PEESE,PEESE,0.16937080584385708,0.16937080584385708,0.17648430311105184,0.17648430311105184
142-10,131,131,0,PET,PET,0.07751938278670183,0.07751938278670183,0.07928981815517917,0.07928981815517917
142-11,32,32,0,PET,PET,0.07525075533648598,0.07525075533648598,0.07076363228506892,0.07076363228506892
142-12,109,109,0,PET,PET,0.0448567533960315,0.0448567533960315,0.06871991922620718,0.06871991922620718
142-13,214,214,0,PET,PET,0.006713846918278392,0.006713846918278392,0.026142309415483886,0.026142309415483886
142-14,68,68,0,PET,PET,-0.08449374366736954,-0.08449374366736954,-0.14285931712649724,-0.14285931712649724
142-2,102,102,0,PEESE,PEESE,0.15061100349110337,0.15061100349110337,0.1554188578937748,0.1554188578937748
142-3,91,91,0,PET,PET,-0.037735944729328,-0.037735944729328,0.00480308224694485,0.00480308224694485
142-4,183,183,0,PET,PET,-0.003031308643913625,-0.003031308643913625,0.021354209658653124,0.021354209658653124
142-5,144,144,0,PEESE,PEESE,0.38695782028240466,0.38695782028240466,0.38803232008829946,0.38803232008829946
142-6,45,45,0,PEESE,PEESE,0.2734040590959389,0.2734040590959389,0.3062211382709666,0.3062211382709666
142-7,21,21,0,PEESE,PEESE,0.2280754052738071,0.2280754052738071,0.19749861448271355,0.19749861448271355
142-8,363,363,0,PEESE,PEESE,0.1148133654728428,0.1148133654728428,0.09521479436275182,0.09521479436275182
142-9,188,188,0,PEESE,PEESE,0.0841069288777127,0.0841069288777127,0.07885569643919169,0.07885569643919169
1421-1,31,31,0,PEESE,PEESE,0.21975086475692043,0.21975086475692043,0.17242222358893866,0.17242222358893866
1421-2,25,25,0,PET,PET,0.17482972951796105,0.17482972951796105,0.2301823515263334,0.2301823515263334
1421-3,32,32,0,PEESE,PEESE,0.29561464236750223,0.29561464236750223,0.23528046286174348,0.23528046286174348
1471-1,180,0,180,PEESE,PET-PEESE not estimable,8753.064736635488,NA,14347.10985696305,NA
1491-1,63,62,1,PET,PET,0.3656085447815435,-0.0970108172778627,0.41500800589549497,0.47315422021720294
1491-2,10,10,0,PET,PET,0.3169729679959411,0.3169729679959411,0.3868757349799046,0.3868757349799046
1491-3,22,21,1,PET,PEESE,1.3061163179296824,1.651609841524734,0.320615373244435,0.2800339550728772
1491-4,23,23,0,PET,PET,0.5506284972247842,0.5506284972247842,-0.3499893031027744,-0.3499893031027744
1491-5,13,13,0,PET,PET,0.6593763458011194,0.6593763458011194,-0.9191636540558252,-0.9191636540558252
1491-6,13,13,0,PET,PET,-0.934395236337099,-0.934395236337099,-0.057828096347516206,-0.057828096347516206
1491-8,11,10,1,PET,PET,-1.5401332528564238,0.5798345082291775,0.5262213208966591,0.3703739791643465
15-1,21,11,10,PET,PET,0.6073234185065127,0.42489300485416903,3.0201826028091903,2.4012079952124292
15-2,9,5,4,PET,PET,0.376088098101133,0.0034238765246252245,4.775860281459018,2.0133636206752947
15-3,9,5,4,PET,PET,0.376088098101133,0.0034238765246252245,4.775860281459018,2.0133636206752947
15-4,11,6,5,PET,PET,0.5228128183628318,-0.531023472555708,0.2907806288550798,-0.4724209038551787
1500-1,14,14,0,PET,PET,0.014644268404100396,0.014644268404100396,0.030731622064878533,0.030731622064878533
1501-1,43,43,0,PET,PET,0.35482288547265045,0.35482288547265045,0.5260827613889143,0.5260827613889143
1501-10,82,82,0,PEESE,PEESE,0.24078696521177956,0.24078696521177956,0.3149200815682308,0.3149200815682308
1501-11,48,48,0,PET,PET,0.005385026942013493,0.005385026942013493,0.37228534468674135,0.37228534468674135
1501-2,71,71,0,PET,PET,0.07989910727268275,0.07989910727268275,0.2461237245086155,0.2461237245086155
1501-3,56,56,0,PET,PET,0.15132979928650994,0.15132979928650994,0.36518005836302575,0.36518005836302575
1501-5,41,41,0,PET,PET,0.20183047689563086,0.20183047689563086,0.4619476662870968,0.4619476662870968
1501-7,25,25,0,PET,PET,0.15191615686208432,0.15191615686208432,0.32775939633868256,0.32775939633868256
1501-8,18,18,0,PEESE,PEESE,0.5090818357159843,0.5090818357159843,0.5240482120217091,0.5240482120217091
1503-1,94,90,4,PET,PEESE,0.45061696246375477,0.10087908218148091,-0.6550291130819541,-0.5029278426205518
1503-2,93,92,1,PEESE,PEESE,0.016834867066021456,0.056457449151637314,-0.3625696163941482,-0.3528538375266818
1503-3,49,49,0,PEESE,PEESE,-0.1807871166643632,-0.1807871166643632,-1.142685551785275,-1.142685551785275
1503-4,53,53,0,PET,PET,0.3827632390933659,0.3827632390933659,-0.31817150299478164,-0.31817150299478164
1520-2,13,13,0,PET,PET,0.15304429913352435,0.15304429913352435,-0.17977329379982399,-0.17977329379982399
1520-6,41,41,0,PET,PET,0.018284108221913564,0.018284108221913564,0.1661658488193057,0.1661658488193057
1525-1,15,15,0,PET,PET,0.0768305476650384,0.0768305476650384,0.36451119483981265,0.36451119483981265
1525-2,13,13,0,PEESE,PEESE,-0.6887724176182018,-0.6887724176182018,0.2250652785027289,0.2250652785027289
1525-3,13,13,0,PET,PET,-0.029391059502266337,-0.029391059502266337,0.4077739349625713,0.4077739349625713
1525-4,13,13,0,PET,PET,-0.16436187554155637,-0.16436187554155637,-0.0452251357399181,-0.0452251357399181
1525-5,15,15,0,PET,PET,0.04406919104759065,0.04406919104759065,0.32937743225248406,0.32937743225248406
1525-6,14,14,0,PET,PET,0.24703889961457617,0.24703889961457617,-0.09617758737262282,-0.09617758737262282
1525-7,14,14,0,PET,PET,-0.25483575692345806,-0.25483575692345806,-0.21335904328054314,-0.21335904328054314
1525-8,15,15,0,PET,PET,-0.031102666402292256,-0.031102666402292256,0.2860426536436752,0.2860426536436752
1536-1,151,142,9,PEESE,PEESE,-0.3503857324120806,-0.36187291725851706,-2.8113615232973954,-2.817382338698167
1536-2,40,23,17,PEESE,PEESE,0.9554323748974684,1.5569625203299613,-3.419289470638637,-0.6711130366590536
1536-3,43,41,2,PET,PEESE,0.6664510155926054,-0.17643296598190086,-2.057918904413084,-2.217187421036078
1536-4,94,46,48,PET,PEESE,-2.8336043171045113,-0.3036627394593851,-3.7003452414211817,-2.66577429015218
1536-5,45,21,24,PET,PEESE,-2.2069154541554927,-3.9189333952957828,-6.941051134467314,-6.0359669441201795
1541-1,15,15,0,PET,PET,-0.04001751992618219,-0.04001751992618219,0.23198948089824753,0.23198948089824753
1541-2,15,15,0,PET,PET,-0.04001751985664752,-0.04001751985664752,0.23198948089689947,0.23198948089689947
1583-1,71,70,1,PEESE,PEESE,0.27951994668135094,0.2791787786185459,0.2068945197161845,0.19626749114445877
1583-2,250,249,1,PEESE,PEESE,0.13697673990031917,0.09850476029992059,0.27766544596083165,0.2440530883084751
1583-3,279,272,7,PEESE,PEESE,0.13195392328320524,0.11588431870298328,0.3564734037707861,0.22278833913678558
1583-4,61,58,3,PET,PET,0.4389940026515965,0.0761956138294416,0.3908941840554761,0.12370875531784913
1583-5,69,66,3,PEESE,PEESE,0.7566030710834488,0.1327114320746824,0.5997771453448011,0.42406377192537675
1583-6,81,80,1,PEESE,PEESE,0.13967439801748294,0.0928438367020766,0.2591445651470641,0.15706907664324185
1612-1,1488,1488,0,PEESE,PEESE,0.5422316537698838,0.5422316537698838,0.40737136646969685,0.40737136646969685
1612-2,990,990,0,PEESE,PEESE,0.481170589690702,0.481170589690702,0.38749590085576646,0.38749590085576646
1612-3,461,461,0,PEESE,PEESE,0.5152061865119366,0.5152061865119366,0.5381160663169609,0.5381160663169609
1714-1,40,39,1,PET,PET,-0.3125792106873642,-0.5697019923325022,1.4717023808342171,1.1538438932231587
1714-2,32,30,2,PET,PET,-0.4122180313735818,-0.012150466081589952,1.0446536074668857,0.9546675045738178
1743-1,661,648,13,PET,PET,-0.6269113957612585,-0.6993111653687808,0.17712582871516316,0.17823111422320687
1743-2,48,48,0,PET,PET,0.17579598351007067,0.17579598351007067,0.26865393554095884,0.26865393554095884
1744-1,27,27,0,PEESE,PEESE,1.0956401417576482,1.0956401417576482,1.1340270908060246,1.1340270908060246
1744-2,25,25,0,PEESE,PEESE,0.4285792493025657,0.4285792493025657,0.5856816838406177,0.5856816838406177
1747-1,8,8,0,PEESE,PEESE,0.43826763500065,0.43826763500065,3.5737826156895,3.5737826156895
1805-1,41,40,1,PEESE,PEESE,0.22301571250374363,0.13676671321751516,0.5045530077803916,0.5114963211515162
184-1,28,28,0,PET,PET,0.20423560530938206,0.20423560530938206,0.6998509966652133,0.6998509966652133
1915-1,13,13,0,PEESE,PEESE,1.3411818662242554,1.3411818662242554,-2.7601681128626603,-2.7601681128626603
1916-1,322,322,0,PET,PET,0.08467857680668267,0.08467857680668267,0.28223339877624437,0.28223339877624437
1916-10,189,189,0,PET,PET,-0.12323913839304437,-0.12323913839304437,-0.2609081292243897,-0.2609081292243897
1916-11,55,55,0,PET,PET,-0.052026729896037315,-0.052026729896037315,-0.02308720463571675,-0.02308720463571675
1916-12,417,417,0,PEESE,PEESE,-0.18064411833980384,-0.18064411833980384,-0.23078958215667972,-0.23078958215667972
1916-13,819,819,0,PEESE,PEESE,-0.23370434686238056,-0.23370434686238056,-0.26619789107961256,-0.26619789107961256
1916-14,357,354,3,PEESE,PEESE,-0.46152452235987484,-0.4669626255444979,-0.5476351077196341,-0.4734142539590474
1916-2,362,357,5,PET,PEESE,0.2777100125335591,0.34493789017727783,0.33389138543090974,0.3864466491980624
1916-3,221,219,2,PEESE,PEESE,0.757569210742944,0.7911978968762744,0.9349595428285146,0.9410024489285002
1916-4,1441,1441,0,PEESE,PEESE,0.12611783124232354,0.12611783124232354,0.1972851834663554,0.1972851834663554
1916-5,1095,1085,10,PEESE,PEESE,0.35795920210031607,0.3532350368155816,0.40198227013666515,0.3870414004042061
1916-6,394,391,3,PEESE,PEESE,0.24957764827472506,0.25060467161471933,0.2844183968231998,0.28183301666563954
1916-7,290,290,0,PEESE,PEESE,0.06985031954959492,0.06985031954959492,0.1254108616510649,0.1254108616510649
1916-8,34,34,0,PET,PET,-0.09937752710691045,-0.09937752710691045,-0.0707435686812218,-0.0707435686812218
1916-9,817,810,7,PET,PET,-0.0692934063775428,-0.010702743837284598,-0.19268530159760539,-0.18309140944263985
1922-1,56,56,0,PEESE,PEESE,0.09820483997936448,0.09820483997936448,0.1344196574717098,0.1344196574717098
1922-2,85,85,0,PEESE,PEESE,0.34092057093504063,0.34092057093504063,0.19404250688938848,0.19404250688938848
1922-3,34,34,0,PET,PET,0.011375687072144135,0.011375687072144135,0.03825450968846153,0.03825450968846153
1928-1,13,13,0,PET,PET,0.2645030228207461,0.2645030228207461,0.3586445084928416,0.3586445084928416
1928-10,14,14,0,PEESE,PEESE,0.398885148054075,0.398885148054075,0.34264928394471905,0.34264928394471905
1928-11,30,30,0,PEESE,PEESE,0.2919820930277547,0.2919820930277547,0.22842112682048898,0.22842112682048898
1928-12,14,14,0,PET,PET,-0.04284320822756031,-0.04284320822756031,-0.14740599640298568,-0.14740599640298568
1928-13,22,22,0,PEESE,PEESE,-0.7875402522538326,-0.7875402522538326,-0.9896616627932853,-0.9896616627932853
1928-14,26,26,0,PEESE,PEESE,-1.188970571265335,-1.188970571265335,-1.0993214062450334,-1.0993214062450334
1928-15,11,11,0,PET,PET,0.05338531541315927,0.05338531541315927,-1.3498107030141429,-1.3498107030141429
1928-2,15,15,0,PET,PET,-0.2740633082112228,-0.2740633082112228,-0.2187844049905032,-0.2187844049905032
1928-3,37,37,0,PEESE,PEESE,-0.5282967773517406,-0.5282967773517406,-0.3925295561213389,-0.3925295561213389
1928-4,21,21,0,PEESE,PEESE,0.00500676280397606,0.00500676280397606,0.363439826319777,0.363439826319777
1928-5,17,17,0,PEESE,PEESE,0.16005900686596458,0.16005900686596458,0.22628230439251001,0.22628230439251001
1928-7,23,23,0,PET,PET,0.041909063461612314,0.041909063461612314,-0.02140359899926633,-0.02140359899926633
1928-8,8,8,0,PET,PET,-0.0031856459668719653,-0.0031856459668719653,-0.028337394940756024,-0.028337394940756024
1928-9,12,12,0,PET,PET,-0.24737111983301235,-0.24737111983301235,-0.42952708562569464,-0.42952708562569464
1933-1,26,26,0,PEESE,PEESE,0.022581216820215966,0.022581216820215966,-0.05814537523759973,-0.05814537523759973
1934-1,195,195,0,PEESE,PEESE,0.14110551893449708,0.14110551893449708,0.07112479164509723,0.07112479164509723
1934-2,69,69,0,PET,PET,0.13322714613062128,0.13322714613062128,0.09505343771324977,0.09505343771324977
1973-1,38,38,0,PEESE,PEESE,1.098875411213539,1.098875411213539,1.1537973331700884,1.1537973331700884
1973-2,41,41,0,PEESE,PEESE,0.976922332871142,0.976922332871142,1.0618034213789143,1.0618034213789143
1974-1,9,9,0,PET,PET,0.1321585319428996,0.1321585319428996,0.13493618801660043,0.13493618801660043
1974-2,7,7,0,PET,PET,0.13419591132327374,0.13419591132327374,0.13569068799170902,0.13569068799170902
2001-1,66,66,0,PEESE,PEESE,0.011015722969344202,0.011015722969344202,0.11459528723898484,0.11459528723898484
2001-2,25,25,0,PEESE,PEESE,-1.5536393140405378,-1.5536393140405378,-1.6962101234959435,-1.6962101234959435
2002-1,6,2,4,PET,PET,0.22505624256431078,2.7466666666666586,0.2580190361922834,-0.42784724777289385
2002-3,6,5,1,PEESE,PEESE,-1.4644774284983262,-1.3448402612197163,3.704829057195528,4.911178556123426
2002-5,6,6,0,PET,PET,-0.6808032176326622,-0.6808032176326622,3.880948746149613,3.880948746149613
2051-1,7,7,0,PET,PET,0.962942952235025,0.962942952235025,1.1990411590852574,1.1990411590852574
2051-2,7,7,0,PET,PET,0.13894379872081197,0.13894379872081197,-0.6323117501480922,-0.6323117501480922
2081-1,25,24,1,PET,PET,1.3210314666480425,-0.05527996707249564,-0.2051844387011866,-0.19297924174643943
2081-2,27,25,2,PET,PEESE,1.4210539365678314,0.9872147475986217,-0.31633027666928976,-0.33021595302999945
2081-3,8,4,4,PET,PET,-1.8960314428387721,-0.21572558739481495,-0.8959241402920086,-0.7582496088110547
2081-4,15,15,0,PET,PET,-0.8764135227047836,-0.8764135227047836,0.2723179535925883,0.2723179535925883
2110-1,7,0,7,PET,PET-PEESE not estimable,-54.23595126213882,NA,-50.38685290228597,NA
2127-1,39,39,0,PET,PET,0.2663559027733371,0.2663559027733371,0.5395829867166396,0.5395829867166396
2127-2,6,5,1,PEESE,PEESE,-0.2624569350261402,-0.1653832592463324,6.045423604117233,7.368569173758361
2148-1,43,41,2,PET,PET,0.1344989842182041,-0.5110996641352898,-0.49457255747566226,-0.39118574282914725
2148-2,36,32,4,PET,PET,-0.5933233988451905,-0.6710379107887455,0.1302206464430439,0.07539340922410764
2183-1,8,8,0,PET,PET,0.058235975526222755,0.058235975526222755,0.07896235717909293,0.07896235717909293
2183-2,20,20,0,PET,PET,0.01402561521197874,0.01402561521197874,0.04493428970116151,0.04493428970116151
2183-3,10,10,0,PET,PET,0.02020485823072046,0.02020485823072046,0.02974991301794941,0.02974991301794941
2183-4,12,12,0,PET,PET,0.025666637356768565,0.025666637356768565,0.050665751290807096,0.050665751290807096
2204-1,55,55,0,PEESE,PEESE,0.003582609415838224,0.003582609415838224,0.0046228785165222715,0.0046228785165222715
2204-2,46,46,0,PEESE,PEESE,0.004537861599485238,0.004537861599485238,0.005777000198665821,0.005777000198665821
2204-3,55,55,0,PEESE,PEESE,0.009298126256974812,0.009298126256974812,0.01452265425026383,0.01452265425026383
227-1,37,36,1,PET,PET,0.9395938429106432,0.3920756638970002,0.10904594545622287,0.16455403315767278
227-2,26,26,0,PET,PET,-0.06441469333339908,-0.06441469333339908,0.014632073814161588,0.014632073814161588
227-3,21,21,0,PET,PET,-0.21859460794082589,-0.21859460794082589,-0.0012790232881271651,-0.0012790232881271651
2279-1,32,28,4,PEESE,PEESE,1.0150059020955722,1.014914794217783,1.0150599798583044,1.0149126634035135
2279-2,24,22,2,PEESE,PEESE,1.045478435186306,1.0450811133442905,1.104960126311381,1.1048885689472496
2306-1,93,82,11,PET,PET,0.020935560640481028,0.43176518206212233,-0.005986032973759709,0.14620128020753825
231-1,1119,1117,2,PEESE,PEESE,0.11097112852031377,0.1111565094665845,0.15671103262370234,0.15379871880050033
231-10,1027,1025,2,PEESE,PEESE,0.11793845874332598,0.11835407721531882,0.1601773353978585,0.15666735102848278
231-11,617,615,2,PEESE,PEESE,0.10764077941126501,0.10937367858519885,0.1691056608550978,0.1629333587050375
231-12,527,527,0,PEESE,PEESE,0.15212115250020652,0.15212115250020652,0.17612124238508545,0.17612124238508545
231-13,870,867,3,PEESE,PEESE,0.10849286952867004,0.11067541436255425,0.12142916617379748,0.11938425025811185
231-14,510,507,3,PET,PET,0.04707330247907525,0.046572688620665964,0.09788373240482681,0.08975424131417402
231-15,1169,1167,2,PEESE,PEESE,0.11683043273763778,0.11719653584787489,0.1569334535151486,0.15377926368291253
231-2,678,678,0,PEESE,PEESE,0.107002984639617,0.107002984639617,0.15254544614899815,0.15254544614899815
231-3,523,521,2,PEESE,PEESE,0.09845570483272334,0.0980687595900128,0.14417809748838853,0.13741309673966132
231-4,395,393,2,PEESE,PEESE,0.0842078646195151,0.08536309128491498,0.17675175010696134,0.16831846128418937
231-5,868,866,2,PEESE,PEESE,0.08716222072977053,0.08730002379993589,0.13795799971044181,0.13445761770526865
231-6,313,313,0,PEESE,PEESE,0.09197750634428312,0.09197750634428312,0.13842444908728066,0.13842444908728066
231-7,408,408,0,PEESE,PEESE,0.10810329819833461,0.10810329819833461,0.1263104765789215,0.1263104765789215
231-8,1140,1137,3,PEESE,PEESE,0.10339092676792397,0.10399065029931955,0.14828197051272426,0.14475226252019804
231-9,800,798,2,PEESE,PEESE,0.09295269565339456,0.09294214866523673,0.1375179328213645,0.1336365707298323
2396-1,11,11,0,PET,PET,0.4615703649282134,0.4615703649282134,0.5554753765283017,0.5554753765283017
240-1,25,25,0,PET,PET,6.509490096001869e-4,6.509490096001869e-4,0.001833720488396197,0.001833720488396197
240-2,11,11,0,PET,PET,-0.060583661555395754,-0.060583661555395754,-0.09344347267675704,-0.09344347267675704
240-3,15,15,0,PET,PET,-0.006896289098970378,-0.006896289098970378,-0.022006903498443173,-0.022006903498443173
240-4,11,11,0,PET,PET,-0.009286924279329348,-0.009286924279329348,-0.015260184431142286,-0.015260184431142286
241-1,5,5,0,PET,PET,3.278289500459035e-4,3.278289500459035e-4,0.004152022873758503,0.004152022873758503
241-2,9,9,0,PEESE,PEESE,0.017969309939141906,0.017969309939141906,0.01397767837012656,0.01397767837012656
241-4,8,8,0,PET,PET,0.025425165867615007,0.025425165867615007,0.07839768892726391,0.07839768892726391
241-7,5,5,0,PET,PET,0.047232364232407696,0.047232364232407696,0.045966660179196615,0.045966660179196615
245-1,5,5,0,PET,PET,0.01417443854505325,0.01417443854505325,0.6552367115710552,0.6552367115710552
2455-1,10,10,0,PET,PET,-0.005070365351989493,-0.005070365351989493,0.11366295679712986,0.11366295679712986
2457-1,59,59,0,PET,PET,0.09654771476929618,0.09654771476929618,0.5184838855232571,0.5184838855232571
246-1,10,10,0,PET,PET,-0.006487738584979155,-0.006487738584979155,0.2631379400911645,0.2631379400911645
246-2,6,6,0,PEESE,PEESE,-0.08784179601796915,-0.08784179601796915,0.22563023875280172,0.22563023875280172
246-3,10,10,0,PET,PET,-0.19901458077180467,-0.19901458077180467,0.2447381626283046,0.2447381626283046
246-4,10,10,0,PET,PET,0.20118559292262306,0.20118559292262306,0.2636292266776633,0.2636292266776633
2474-1,25,25,0,PET,PET,-0.04580872419812643,-0.04580872419812643,0.23124423159319546,0.23124423159319546
2479-1,17,15,2,PEESE,PEESE,1.6189449133259408,0.4478039896629302,4.707166797220899,2.96397626358688
2479-2,12,10,2,PET,PET,-1.4111879575044008,-1.0100795650935768,3.4937288648570477,3.5837847236367573
2503-1,5,5,0,PET,PET,0.11318535475427756,0.11318535475427756,0.17410979236811241,0.17410979236811241
2503-2,6,6,0,PET,PET,0.019961275248959513,0.019961275248959513,0.04971180040953688,0.04971180040953688
2503-7,18,18,0,PET,PET,-0.0028690763017200083,-0.0028690763017200083,0.04546081530552468,0.04546081530552468
2503-9,8,8,0,PET,PET,0.055604434822343826,0.055604434822343826,0.1642852404421276,0.1642852404421276
2538-1,57,56,1,PEESE,PEESE,4.061514501560685,4.115656344260278,3.606204540798026,3.7697194501176834
2538-2,17,17,0,PEESE,PEESE,4.400045159283205,4.400045159283205,3.538938927106924,3.538938927106924
2538-3,45,44,1,PEESE,PEESE,4.189442119617122,4.188092602482654,3.8201863793689963,3.8648218807972206
2538-4,35,35,0,PEESE,PEESE,3.3485893550661,3.3485893550661,3.7927889113946898,3.7927889113946898
2538-5,39,38,1,PEESE,PEESE,4.739605453824848,4.323781048313056,3.894624418702353,3.825503991527614
2538-6,40,39,1,PEESE,PEESE,4.25743163392252,4.332431098964559,3.75846997276778,3.7136410941480196
2538-7,34,34,0,PEESE,PEESE,4.004953699795903,4.004953699795903,3.8510040117288105,3.8510040117288105
2539-1,22,22,0,PET,PET,0.10681840068304946,0.10681840068304946,0.44321208919649063,0.44321208919649063
2543-1,59,56,3,PEESE,PEESE,-0.9883109865151074,-0.8170071494874699,-2.0467269587847476,-2.1090264286127645
2543-2,68,65,3,PET,PET,-0.5935286526022734,-0.37916704566674775,0.6289621726650226,0.5739842690688605
2543-3,36,33,3,PET,PET,0.6513278625339528,0.16736991476710011,0.2958075842747547,0.3205708915507517
2553-1,42,42,0,PET,PET,0.01731400883139934,0.01731400883139934,0.06529744212993978,0.06529744212993978
2553-3,136,136,0,PET,PET,-0.005737049823694474,-0.005737049823694474,0.015372759537054574,0.015372759537054574
2553-4,24,24,0,PET,PET,0.007110358297528052,0.007110358297528052,0.058592903019834636,0.058592903019834636
2553-5,26,26,0,PET,PET,0.006435390550084878,0.006435390550084878,0.019764803153324472,0.019764803153324472
2561-1,17,17,0,PET,PET,0.004417255649733497,0.004417255649733497,0.011358138382624334,0.011358138382624334
2561-2,16,16,0,PET,PET,0.003411537628924723,0.003411537628924723,0.024607523601807558,0.024607523601807558
2571-1,18,18,0,PET,PET,0.1912983728102222,0.1912983728102222,1.4707769872460688,1.4707769872460688
2571-2,16,16,0,PET,PET,0.8839402718647289,0.8839402718647289,0.9333131479505538,0.9333131479505538
2571-3,17,17,0,PEESE,PEESE,1.1943042517947404,1.1943042517947404,1.3439310124008732,1.3439310124008732
2571-4,14,13,1,PEESE,PET,-0.16040371153436328,-1.5272766481464073,1.7367450601834307,1.4638117024142356
2575-1,47,47,0,PET,PET,0.10734609840826341,0.10734609840826341,0.27199262403038516,0.27199262403038516
2575-2,25,25,0,PET,PET,0.18503123497855026,0.18503123497855026,0.06612942420977157,0.06612942420977157
259-1,30,30,0,PEESE,PEESE,0.004378485046841498,0.004378485046841498,0.005451724488965399,0.005451724488965399
259-2,16,16,0,PEESE,PEESE,0.008284559844905018,0.008284559844905018,0.008912371336919689,0.008912371336919689
2591-1,97,97,0,PET,PET,-0.1307345252661213,-0.1307345252661213,-0.011479309961717811,-0.011479309961717811
2605-1,9,6,3,PEESE,PET,-0.17434605603321537,-0.9521566256778529,1.565024709009701,1.1638231029959214
2605-2,18,15,3,PET,PET,-0.1820675179353071,-0.391928097093636,-0.2349918128390386,-0.8476253364943143
2605-3,11,11,0,PEESE,PEESE,0.3587105723417437,0.3587105723417437,-0.39679823362605837,-0.39679823362605837
2605-4,9,8,1,PET,PET,0.012077863497393926,1.1904525886490775,-1.8076681105559393,-0.8112546210240754
2605-5,6,4,2,PET,PET,-2.173351627803213,0.23032066934522982,1.0630612719427222,-0.03143712559776761
2605-6,12,11,1,PEESE,PET,-0.47551811613139117,0.6964275181819443,-0.9338775694513985,-1.1785459156710478
2611-1,133,126,7,PET,PET,0.1999688386218383,-0.14468280564463104,-0.7937095134544546,-0.7280082508653442
2642-1,12,9,3,PET,PET,0.9352765905321146,0.25949742132122267,3.370021316686655,1.3097933250139078
2642-2,9,9,0,PET,PET,0.39804449927735824,0.39804449927735824,1.0663745430175213,1.0663745430175213
2642-3,10,10,0,PEESE,PEESE,1.1639869406386032,1.1639869406386032,1.1031334419461556,1.1031334419461556
2642-4,10,9,1,PET,PET,0.616756460603603,0.5797026393192274,2.703980161765667,1.8282765255742226
2642-5,10,10,0,PET,PET,0.6537531998194394,0.6537531998194394,0.7467128703083105,0.7467128703083105
2642-6,12,12,0,PET,PET,-0.10276785594799201,-0.10276785594799201,0.5159248061425556,0.5159248061425556
2642-7,12,12,0,PET,PET,-0.015674811683794258,-0.015674811683794258,-0.5816068188086252,-0.5816068188086252
2642-8,8,8,0,PET,PET,0.11324915498650945,0.11324915498650945,-0.5889197767953959,-0.5889197767953959
2642-9,8,8,0,PET,PET,-0.035555966706164115,-0.035555966706164115,-0.285489233925574,-0.285489233925574
2683-1,446,328,118,PEESE,PEESE,0.3656181960773184,0.34492861468536923,0.48992817197604643,0.47974961188988735
2687-1,10,10,0,PEESE,PEESE,0.16965405626325217,0.16965405626325217,0.18219487726840977,0.18219487726840977
2687-2,17,17,0,PEESE,PEESE,0.07269862725738653,0.07269862725738653,0.2452079374361113,0.2452079374361113
2687-6,9,9,0,PET,PET,-0.08702075843623772,-0.08702075843623772,0.02752108068590111,0.02752108068590111
2687-7,15,15,0,PEESE,PEESE,0.10313897727136623,0.10313897727136623,0.1997331224810273,0.1997331224810273
275-1,17,17,0,PET,PET,0.12701744247611899,0.12701744247611899,0.993713932833348,0.993713932833348
275-10,14,14,0,PET,PET,-0.12891842024574432,-0.12891842024574432,-0.4093782963511957,-0.4093782963511957
275-11,34,34,0,PEESE,PEESE,-1.047160205104214,-1.047160205104214,-1.0704377775320273,-1.0704377775320273
275-12,17,17,0,PET,PET,-0.6803330622246133,-0.6803330622246133,-0.8154741626903874,-0.8154741626903874
275-13,19,19,0,PET,PET,-0.4618116106141513,-0.4618116106141513,-1.1973213699624352,-1.1973213699624352
275-14,7,7,0,PET,PET,2.340018132518759,2.340018132518759,-0.5574948197976971,-0.5574948197976971
275-15,20,20,0,PET,PET,0.9437230788204505,0.9437230788204505,0.6271070842540811,0.6271070842540811
275-16,7,7,0,PET,PET,2.340018132518759,2.340018132518759,-0.5574948197976971,-0.5574948197976971
275-2,21,21,0,PET,PET,-0.2543640957510398,-0.2543640957510398,-0.8123815240085037,-0.8123815240085037
275-3,8,8,0,PET,PET,-0.675933693573945,-0.675933693573945,-0.7496840507670056,-0.7496840507670056
275-4,19,18,1,PET,PET,-0.8407222868272776,-1.2815649735067849,-0.1266144605584108,-0.02750425626313498
275-5,14,14,0,PET,PET,-0.5157079178685936,-0.5157079178685936,-0.8724611249157497,-0.8724611249157497
275-6,16,16,0,PET,PET,0.49791747967274946,0.49791747967274946,1.0548586007963807,1.0548586007963807
275-7,8,8,0,PET,PET,2.024172921170136,2.024172921170136,1.1555930564489543,1.1555930564489543
275-8,15,15,0,PET,PET,0.35686388244329925,0.35686388244329925,0.9672378256517581,0.9672378256517581
275-9,11,11,0,PET,PET,-0.2268677529017165,-0.2268677529017165,0.6325060549444667,0.6325060549444667
276-1,7,7,0,PET,PET,-1.6039169187598954,-1.6039169187598954,-0.17082064792078538,-0.17082064792078538
276-2,7,7,0,PEESE,PEESE,-0.5286880386903875,-0.5286880386903875,-0.15763501882785538,-0.15763501882785538
276-3,5,5,0,PET,PET,-0.8063032399899788,-0.8063032399899788,-0.07010934254610247,-0.07010934254610247
276-4,6,6,0,PET,PET,-0.2607940244315736,-0.2607940244315736,-0.12197825710823335,-0.12197825710823335
276-5,5,5,0,PET,PET,0.09993189112178391,0.09993189112178391,0.3182274365161924,0.3182274365161924
276-6,6,6,0,PET,PET,-1.622333298785242,-1.622333298785242,-0.3577305550838686,-0.3577305550838686
276-7,6,6,0,PET,PET,-0.2813644978573896,-0.2813644978573896,-0.4903432857498023,-0.4903432857498023
276-8,5,5,0,PET,PET,0.5768226761483257,0.5768226761483257,-0.3666857854756451,-0.3666857854756451
276-9,5,5,0,PET,PET,1.0968418135961389,1.0968418135961389,-0.7262540838108966,-0.7262540838108966
278-1,50,39,11,PEESE,PEESE,4.546276443206938,4.70234732084198,5.6302340711140655,4.8905499264414605
278-2,31,20,11,PEESE,PEESE,5.6232531605526415,5.21593579218408,7.210925026863579,6.67453886670175
2782-1,15,15,0,PET,PET,-0.001636294611480937,-0.001636294611480937,0.030582154880104018,0.030582154880104018
2809-2,16,16,0,PET,PET,0.24750284013605145,0.24750284013605145,0.4177033757126035,0.4177033757126035
2899-1,330,330,0,PEESE,PEESE,0.09722089561866991,0.09722089561866991,0.1016916968982137,0.1016916968982137
2899-2,330,330,0,PET,PET,0.030050314923528304,0.030050314923528304,0.07639573249374175,0.07639573249374175
2899-3,426,426,0,PEESE,PEESE,0.1032168439439836,0.1032168439439836,0.11731346851499135,0.11731346851499135
2900-1,142,137,5,PEESE,PEESE,0.42528202056965664,0.40812868793772106,0.5360454517654825,0.473077294798592
2914-1,91,91,0,PEESE,PEESE,-0.06794163234428093,-0.06794163234428093,-0.040373564102488685,-0.040373564102488685
2914-2,17,17,0,PET,PET,-0.058748840689561314,-0.058748840689561314,-0.048613287512867226,-0.048613287512867226
2914-3,13,13,0,PET,PET,-0.09746811616992501,-0.09746811616992501,-0.1136345535496957,-0.1136345535496957
2914-4,114,113,1,PET,PET,0.033914243230519454,0.06509869447658685,0.03202759381456684,0.03182610018081527
2938-1,13,13,0,PET,PET,0.5376047586914823,0.5376047586914823,0.9146753225494721,0.9146753225494721
2938-2,15,11,4,PET,PEESE,1.4532078692410522,1.5761501571349448,1.4789355908620199,1.4952503472967549
2941-1,27,27,0,PEESE,PEESE,0.18217701278623777,0.18217701278623777,0.4550187124392408,0.4550187124392408
2941-2,7,7,0,PET,PET,0.05191606739866811,0.05191606739866811,0.659349385710219,0.659349385710219
2941-3,22,22,0,PEESE,PEESE,0.19677673390433234,0.19677673390433234,0.3610419624928163,0.3610419624928163
2941-4,20,19,1,PEESE,PEESE,0.19051610606966682,0.18556678776566643,0.45290879135996515,0.4529776605891423
2941-5,8,8,0,PET,PET,0.12370204604318429,0.12370204604318429,0.41165177687170224,0.41165177687170224
2941-6,7,7,0,PET,PET,0.6969685618725978,0.6969685618725978,0.7842576775893708,0.7842576775893708
2941-7,7,7,0,PET,PET,0.02157662460565074,0.02157662460565074,0.3472440968787363,0.3472440968787363
2941-8,6,6,0,PET,PET,0.1463733244266081,0.1463733244266081,0.5276474483987592,0.5276474483987592
2961-1,22,22,0,PEESE,PEESE,0.2900820451540729,0.2900820451540729,-0.29007421841033865,-0.29007421841033865
2961-2,21,21,0,PET,PET,0.19128526268326618,0.19128526268326618,-0.4121766629860833,-0.4121766629860833
2975-1,222,220,2,PEESE,PEESE,1.0092425579265822,1.0400000239596052,1.089967602154908,1.045217667379746
2975-2,62,60,2,PEESE,PEESE,0.888383760612559,0.7791739433064331,0.8975552052316668,0.7426634550416206
2975-3,249,246,3,PEESE,PEESE,0.9412315881772918,0.8816585069807751,0.9220874455782901,0.867636155605463
2975-4,35,33,2,PET,PEESE,1.4534146450596364,1.5197215704065858,1.5717325223619545,1.6559560521106182
30-1,83,83,0,PEESE,PEESE,-0.01696637733887523,-0.01696637733887523,-0.033100343686103914,-0.033100343686103914
3039-1,54,54,0,PET,PET,-0.05155111620633794,-0.05155111620633794,-0.3728607216633515,-0.3728607216633515
3039-2,186,186,0,PEESE,PEESE,-0.2102329181040598,-0.2102329181040598,-0.3877968731710488,-0.3877968731710488
308-1,20,19,1,PET,PEESE,0.5451865362944337,0.5131160831270778,0.8165396505318633,0.7272475200660048
311-1,13,13,0,PET,PET,0.1333159306119493,0.1333159306119493,0.276327581854166,0.276327581854166
3117-1,13,12,1,PET,PET,0.7437450720413569,0.7290838579563567,1.6245146632199456,1.6139427168930114
3117-2,30,30,0,PEESE,PEESE,1.1163331099307816,1.1163331099307816,1.3568787062630903,1.3568787062630903
3125-1,5,5,0,PET,PET,-0.019667030999147902,-0.019667030999147902,-0.014833922911774527,-0.014833922911774527
3125-10,5,5,0,PET,PET,0.06330804223185398,0.06330804223185398,0.020278285414418708,0.020278285414418708
3125-2,5,5,0,PET,PET,0.047095783638136,0.047095783638136,-0.037308680912926766,-0.037308680912926766
3125-3,5,5,0,PET,PET,0.12172232564212265,0.12172232564212265,0.009138125822946774,0.009138125822946774
3125-4,5,5,0,PET,PET,0.1077645972182332,0.1077645972182332,0.09951185244043606,0.09951185244043606
3125-5,5,5,0,PET,PET,0.008158096081777755,0.008158096081777755,-0.006391686757914962,-0.006391686757914962
3125-7,5,5,0,PET,PET,0.01656992861518026,0.01656992861518026,0.012833241153364415,0.012833241153364415
3125-8,5,5,0,PET,PET,-0.1596858102820896,-0.1596858102820896,-0.03984914240347858,-0.03984914240347858
3125-9,5,5,0,PET,PET,0.4232828439268121,0.4232828439268121,-0.04007415813871609,-0.04007415813871609
3136-1,248,225,23,PEESE,PEESE,-0.5652050531244528,-0.37424632139726116,-0.6337908606006557,-0.6525286518765511
314-1,6,6,0,PET,PET,0.03590341843558609,0.03590341843558609,0.09784454100033195,0.09784454100033195
314-2,8,8,0,PET,PET,-0.014912684401084154,-0.014912684401084154,0.2512353734540545,0.2512353734540545
315-1,37,35,2,PEESE,PEESE,-0.6848805363249967,-0.48238663362892575,-0.665838849260192,-0.4780464616663321
315-11,26,26,0,PEESE,PEESE,-0.9791120459846674,-0.9791120459846674,-0.8454755871675577,-0.8454755871675577
315-12,16,15,1,PEESE,PEESE,-1.12979957194093,-1.0908173177526561,-1.0741835946221374,-1.0340414804059024
315-13,36,36,0,PEESE,PEESE,-0.6658418731294129,-0.6658418731294129,-0.5752496820744666,-0.5752496820744666
315-14,30,30,0,PEESE,PEESE,-1.1306998431246937,-1.1306998431246937,-1.1001705173066871,-1.1001705173066871
315-5,26,26,0,PEESE,PEESE,-0.6535546652907108,-0.6535546652907108,-0.6215543571075209,-0.6215543571075209
315-8,17,17,0,PET,PET,-1.0372784189364692,-1.0372784189364692,-0.4177008641144102,-0.4177008641144102
315-9,10,10,0,PEESE,PEESE,-0.40192876466884153,-0.40192876466884153,-0.40932544014452626,-0.40932544014452626
3207-1,18,18,0,PET,PET,0.8737471089107156,0.8737471089107156,0.26682247681846644,0.26682247681846644
3207-2,16,16,0,PET,PET,0.5188103886085922,0.5188103886085922,0.28021747793820223,0.28021747793820223
3207-3,6,6,0,PEESE,PEESE,0.6159170697632188,0.6159170697632188,0.19182832405045414,0.19182832405045414
3207-4,6,6,0,PET,PET,1.1026991207768848,1.1026991207768848,0.7552038389922436,0.7552038389922436
3214-1,265,264,1,PEESE,PEESE,0.11070516456975935,0.11117914277712247,0.10230730005633072,0.10227115354038713
3214-10,297,297,0,PEESE,PEESE,0.043284088701410504,0.043284088701410504,0.04109718255040628,0.04109718255040628
3214-11,77,77,0,PEESE,PEESE,0.15553047206045081,0.15553047206045081,0.17155371251668755,0.17155371251668755
3214-12,64,64,0,PEESE,PEESE,0.2174142859463327,0.2174142859463327,0.16321221937073963,0.16321221937073963
3214-13,46,46,0,PEESE,PEESE,0.258093633605901,0.258093633605901,0.16274232549615675,0.16274232549615675
3214-14,64,64,0,PEESE,PEESE,0.21827252740635644,0.21827252740635644,0.1979802131293973,0.1979802131293973
3214-2,52,52,0,PET,PET,0.16259100986423142,0.16259100986423142,0.1538863923029165,0.1538863923029165
3214-3,111,111,0,PEESE,PEESE,-0.0783839220922184,-0.0783839220922184,-0.059362757929000816,-0.059362757929000816
3214-4,229,229,0,PET,PET,0.003975450685305584,0.003975450685305584,0.00802117904968375,0.00802117904968375
3214-5,70,70,0,PET,PET,0.0482229926664087,0.0482229926664087,0.10560244445913132,0.10560244445913132
3214-6,33,33,0,PEESE,PEESE,0.21133594652327584,0.21133594652327584,0.1945133728997043,0.1945133728997043
3214-7,196,196,0,PET,PET,-0.01620594839282996,-0.01620594839282996,-0.05274759431059474,-0.05274759431059474
3214-8,52,52,0,PEESE,PEESE,0.17730129186173219,0.17730129186173219,0.18488499610598685,0.18488499610598685
3214-9,52,52,0,PET,PET,0.05707272266691249,0.05707272266691249,3.771129321539163e-4,3.771129321539163e-4
3276-1,14,14,0,PET,PET,0.056257392530922164,0.056257392530922164,0.09196234184917598,0.09196234184917598
3276-2,9,9,0,PET,PET,-0.06996648692590733,-0.06996648692590733,0.07104636242865842,0.07104636242865842
3278-1,15,15,0,PET,PET,-0.5005480841377126,-0.5005480841377126,0.37960103199296874,0.37960103199296874
3278-2,46,46,0,PEESE,PEESE,0.03189035814671288,0.03189035814671288,0.31508287701208465,0.31508287701208465
3278-3,40,40,0,PEESE,PEESE,-0.014197895219642993,-0.014197895219642993,0.31863223200156543,0.31863223200156543
3278-4,44,43,1,PET,PEESE,0.3676753013217959,0.05535222816367704,1.238330709394634,0.24480701058108312
3278-5,74,2,72,PET,PET,-82.88698846564256,14.0379180859432,5.4297697024890414,0.3525057426863231
3278-6,65,65,0,PEESE,PEESE,0.020121706144168826,0.020121706144168826,0.42454400377944435,0.42454400377944435
328-1,11,11,0,PET,PET,0.16918770090886928,0.16918770090886928,0.25209352339314667,0.25209352339314667
328-10,13,13,0,PET,PET,0.20857867719434373,0.20857867719434373,0.10313950889175853,0.10313950889175853
328-11,14,14,0,PEESE,PEESE,0.1556017745583478,0.1556017745583478,0.08182682521160668,0.08182682521160668
328-12,18,18,0,PET,PET,0.13522315301477889,0.13522315301477889,0.08240883790388447,0.08240883790388447
328-2,8,8,0,PET,PET,0.39697173726185575,0.39697173726185575,0.13431071199871802,0.13431071199871802
328-3,15,15,0,PEESE,PEESE,0.4701667449348916,0.4701667449348916,0.19413008825489778,0.19413008825489778
328-4,5,5,0,PET,PET,0.4641580919256625,0.4641580919256625,0.24201105295979566,0.24201105295979566
328-5,9,9,0,PEESE,PEESE,0.5367198395413578,0.5367198395413578,0.34002997703834104,0.34002997703834104
328-6,19,19,0,PEESE,PEESE,0.36687998054801824,0.36687998054801824,0.29916579507063823,0.29916579507063823
328-7,19,19,0,PEESE,PEESE,0.36608317713081184,0.36608317713081184,0.2746295110822637,0.2746295110822637
328-8,23,23,0,PEESE,PEESE,0.6533916792756013,0.6533916792756013,0.34187826698237406,0.34187826698237406
328-9,13,13,0,PET,PET,0.0834171837080345,0.0834171837080345,0.06033493115908641,0.06033493115908641
331-1,7,2,5,PET,PET,-8.308286764143759,-10.560131041069683,-26.617765480013595,-24.017291247009382
3311-1,34,26,8,PEESE,PET,-0.041161130751268565,1.053165771154523,0.38409862695676833,0.12032738527819892
3311-2,30,28,2,PET,PET,-0.5888102447251424,-0.9555770901925204,-0.27077624758310387,-0.26746806524718286
3315-1,38,38,0,PET,PET,0.11207835711498382,0.11207835711498382,0.1321347565919916,0.1321347565919916
3382-1,34,34,0,PET,PET,0.09051175834808844,0.09051175834808844,0.174554747055871,0.174554747055871
3382-2,35,35,0,PEESE,PEESE,0.020511928380395957,0.020511928380395957,0.20231737359110855,0.20231737359110855
3382-4,59,57,2,PET,PET,0.3101831319393547,0.27320232200629896,0.34041099417166104,0.32883338202852014
3382-5,72,72,0,PEESE,PEESE,0.010120014368546225,0.010120014368546225,0.2717751420232577,0.2717751420232577
3399-1,54,53,1,PEESE,PEESE,0.08995785814048489,0.11555107933282031,1.6199876164356237,1.7552224511267986
3399-2,33,30,3,PEESE,PEESE,0.1545249614306876,0.09422278267534653,-0.4501240123364662,-0.8080862299613183
3399-3,175,162,13,PEESE,PEESE,0.8930677420692027,0.8804579481467487,1.73179607436902,1.7447041418695628
3399-4,79,78,1,PEESE,PEESE,0.12315796815111918,0.02863135309390273,1.1938105423251637,1.1971744193757914
3399-5,85,50,35,PET,PEESE,-0.47622711656339795,-0.2937234928597751,0.18243241089308926,-0.2877121593637761
345-1,87,80,7,PET,PEESE,0.3362595200107425,-0.38172283526863976,-1.0541040735327998,-1.0970172930524997
345-2,57,42,15,PET,PEESE,0.7111523349982216,0.2060453830472434,-0.8970215733189313,-0.4685100139676557
3453-1,95,90,5,PET,PET,-0.4187592981832575,-0.038991275601046746,-0.18967972405449782,0.13046861337664528
3486-1,35,35,0,PET,PET,0.1268462643790237,0.1268462643790237,0.581615833262534,0.581615833262534
3486-2,5,5,0,PET,PET,0.6251917590493076,0.6251917590493076,0.9348202336104021,0.9348202336104021
3486-3,22,22,0,PET,PET,0.16370575873318413,0.16370575873318413,0.7516949925528942,0.7516949925528942
3486-4,19,19,0,PET,PET,0.14412796252358706,0.14412796252358706,0.5589571915712673,0.5589571915712673
3486-5,6,6,0,PEESE,PEESE,0.2829912154423883,0.2829912154423883,0.30455792949367877,0.30455792949367877
3486-6,6,6,0,PET,PET,0.5604937454360542,0.5604937454360542,0.6683218104775375,0.6683218104775375
350-1,48,47,1,PEESE,PEESE,0.3815372935919046,0.32934393252472927,3.9612492309170406,3.8325713508176253
350-2,46,34,12,PET,PEESE,3.2922068563174642,0.8160571410254698,-0.04875015693009704,-0.5368669319724955
3503-1,11,11,0,PET,PET,0.044887161736623826,0.044887161736623826,0.06401831739993938,0.06401831739993938
3503-2,10,10,0,PET,PET,0.057196623517915726,0.057196623517915726,0.0990641465913251,0.0990641465913251
3513-1,18,18,0,PET,PET,0.01786336363978388,0.01786336363978388,-0.20343826932259174,-0.20343826932259174
3513-3,13,13,0,PET,PET,-0.027091246709751132,-0.027091246709751132,-0.6414706158724006,-0.6414706158724006
3565-1,20,20,0,PET,PET,0.0016767709720750723,0.0016767709720750723,-9.359443294071096e-4,-9.359443294071096e-4
3565-2,33,33,0,PET,PET,6.927680668234715e-4,6.927680668234715e-4,-0.0030768225473018517,-0.0030768225473018517
36-1,9,9,0,PET,PET,0.14812841633481402,0.14812841633481402,0.537259543352363,0.537259543352363
36-2,7,7,0,PET,PET,0.17302500622415265,0.17302500622415265,0.3851970878978567,0.3851970878978567
36-3,7,7,0,PET,PET,-0.04929193796502551,-0.04929193796502551,0.3591179100769899,0.3591179100769899
36-4,7,7,0,PET,PET,-0.009424215564527522,-0.009424215564527522,0.1135709498939314,0.1135709498939314
3604-1,9,9,0,PEESE,PEESE,0.5262078011354507,0.5262078011354507,0.40186288707109186,0.40186288707109186
3604-2,9,9,0,PEESE,PEESE,0.5736189515427135,0.5736189515427135,0.43303729542793257,0.43303729542793257
3604-3,9,9,0,PET,PET,0.4100569756686858,0.4100569756686858,0.40400059068181143,0.40400059068181143
3612-1,45,41,4,PET,PET,-0.6527152547675923,-0.7625011087584084,0.0788938411231581,-0.00476338013341809
3612-2,55,50,5,PEESE,PEESE,-0.4874736378277699,-0.02700880898887604,-1.4605936330676745,-1.202094072785602
3612-3,44,43,1,PET,PEESE,0.5634432417498287,-0.07190264547476725,-0.7748467365409686,-0.8064621221527954
3619-1,9,9,0,PET,PET,0.4283610474014319,0.4283610474014319,0.05052298587988714,0.05052298587988714
3619-2,14,14,0,PET,PET,-0.12725207273427455,-0.12725207273427455,0.07414847690134288,0.07414847690134288
3619-3,34,34,0,PET,PET,-0.11074014100208787,-0.11074014100208787,0.3402634448844341,0.3402634448844341
3619-4,47,47,0,PEESE,PEESE,0.2895279364815503,0.2895279364815503,0.25431456294784766,0.25431456294784766
3619-5,42,42,0,PET,PET,0.18305781241726138,0.18305781241726138,0.028417037992396296,0.028417037992396296
3619-6,44,44,0,PET,PET,-0.20409595251362744,-0.20409595251362744,0.2586488039172962,0.2586488039172962
363-1,21,21,0,PET,PET,-0.10716728382228417,-0.10716728382228417,-0.028480612770877805,-0.028480612770877805
363-2,11,11,0,PET,PET,-0.03476506612177916,-0.03476506612177916,-0.03455919231497629,-0.03455919231497629
3633-1,52,52,0,PEESE,PEESE,0.2426790276844497,0.2426790276844497,0.470316580273453,0.470316580273453
3633-2,23,23,0,PEESE,PEESE,0.33680340186678365,0.33680340186678365,0.47522113953681394,0.47522113953681394
3633-4,42,41,1,PEESE,PEESE,0.6826168994093884,0.6607019649348629,1.1956517689156039,0.8632884127453225
3633-5,40,39,1,PEESE,PEESE,1.3143620243796956,1.2644107823288677,1.406296239758878,1.408954764215742
3633-6,26,25,1,PEESE,PET,0.4789302631269215,0.2159217415556411,0.44909325595050725,0.45415120692846717
3674-1,6,6,0,PEESE,PEESE,0.13981336847879766,0.13981336847879766,0.1399293535978166,0.1399293535978166
3674-2,8,8,0,PET,PET,-0.004392208674653608,-0.004392208674653608,0.016462070156811098,0.016462070156811098
3751-1,10,5,5,PET,PEESE,-2.626570723455223,-4.560481734857484,-3.646309675387511,-4.526684738293475
3751-11,6,6,0,PET,PET,0.0748456338728715,0.0748456338728715,0.06191504175197085,0.06191504175197085
3751-2,10,3,7,PET,PET,0.18887680732224665,-0.7651280526091151,-2.7112603022424033,-1.881826359108696
3751-3,10,1,9,PET,PET-PEESE not estimable,-4.362415183207911,-4.2,-4.184255682604909,-4.2
3751-4,7,1,6,PEESE,PET-PEESE not estimable,-14.701061219963734,-14.52,-17.194670073231084,-14.52
3751-5,7,7,0,PET,PET,-0.025213012252509166,-0.025213012252509166,0.02877263809477254,0.02877263809477254
3751-6,7,7,0,PET,PET,-0.01987007501389218,-0.01987007501389218,0.018593232217694353,0.018593232217694353
3751-7,7,7,0,PET,PET,-0.003852002833683044,-0.003852002833683044,0.005300705397980433,0.005300705397980433
3751-8,14,14,0,PET,PET,0.010286092864648304,0.010286092864648304,0.09301506029945002,0.09301506029945002
3751-9,6,6,0,PET,PET,-0.14268730855150225,-0.14268730855150225,-0.015285050488836424,-0.015285050488836424
3752-1,16,16,0,PEESE,PEESE,1.4371791226934267,1.4371791226934267,0.7950270729246248,0.7950270729246248
3752-2,52,50,2,PET,PET,-0.8140587373464233,-1.5062451110243016,0.41405692235084585,0.4422163550207238
3752-3,35,32,3,PEESE,PET,-0.2638763303975461,-1.3874944544506986,0.6394039056774555,0.13253507451679786
3752-4,22,22,0,PET,PET,0.4963554445801734,0.4963554445801734,1.0128429022165877,1.0128429022165877
3755-1,80,80,0,PET,PET,-0.041655523662410036,-0.041655523662410036,-0.5731761722694803,-0.5731761722694803
3757-1,7,7,0,PET,PET,0.20880101457691302,0.20880101457691302,-0.25035187246773516,-0.25035187246773516
3767-1,123,118,5,PET,PET,0.04018614696456339,0.06117216837252892,0.40376449766526584,0.38602727183882585
381-1,52,50,2,PET,PET,-0.1406378069309138,-0.1472784951159544,-0.45633085787542754,-0.4516716340772711
382-1,10,10,0,PET,PET,0.20417159244062558,0.20417159244062558,0.460829168049539,0.460829168049539
382-2,7,7,0,PET,PET,0.20536990605736466,0.20536990605736466,0.3225407256522483,0.3225407256522483
3862-1,455,455,0,PEESE,PEESE,-0.2963943620719395,-0.2963943620719395,-0.1884090211759177,-0.1884090211759177
39-1,1522,1522,0,PEESE,PEESE,0.04813516073957581,0.04813516073957581,0.10793030611066141,0.10793030611066141
390-1,6,0,6,PEESE,PET-PEESE not estimable,73.99665313287903,NA,69.2735912937007,NA
394-1,41,41,0,PET,PET,0.05072579172383465,0.05072579172383465,-0.16640005238382286,-0.16640005238382286
3970-1,46,46,0,PET,PET,0.1697975880921439,0.1697975880921439,0.3221971703592263,0.3221971703592263
3970-2,74,74,0,PET,PET,0.05682072592929389,0.05682072592929389,0.14620484279485044,0.14620484279485044
3970-3,59,59,0,PET,PET,0.21557149522404462,0.21557149522404462,0.2942893049299362,0.2942893049299362
400-1,14,14,0,PEESE,PEESE,-0.15399439213910054,-0.15399439213910054,-0.14791062623489448,-0.14791062623489448
400-10,7,7,0,PET,PET,0.18484455347970283,0.18484455347970283,0.06136074528276699,0.06136074528276699
400-11,6,6,0,PET,PET,-0.09931593275548582,-0.09931593275548582,0.07247064651090629,0.07247064651090629
400-12,7,7,0,PET,PET,-0.2998697826197752,-0.2998697826197752,0.01141455116007898,0.01141455116007898
400-13,15,15,0,PET,PET,0.28991710748638805,0.28991710748638805,0.20789240812456658,0.20789240812456658
400-14,13,11,2,PET,PET,-0.7060262824328293,0.35260579130748326,-0.8109691893103156,0.28701505895023105
400-15,18,17,1,PEESE,PEESE,-0.37186260403744525,-0.36843275547324333,-0.36295840389297795,-0.3645615246799506
400-2,14,14,0,PET,PET,0.15731183387953995,0.15731183387953995,-0.10171519991353987,-0.10171519991353987
400-3,68,67,1,PEESE,PEESE,0.3502392049378229,0.352632047218154,0.24548335040783698,0.2454895603158027
400-9,10,9,1,PEESE,PEESE,0.4341607957886907,0.5270374864084559,0.4353047619410413,0.4351583687705025
4011-1,14,14,0,PEESE,PEESE,1.6664352917965717,1.6664352917965717,0.6925025476633097,0.6925025476633097
4011-2,54,53,1,PET,PET,0.12501542553063147,0.008661541573786805,0.9279883853913594,0.8260562537316635
4011-3,24,23,1,PET,PET,0.8987935131752689,-0.7578796245518011,0.8699255445971209,0.37346784434332964
4011-4,22,22,0,PET,PET,-0.1551783938963583,-0.1551783938963583,0.49407822192081957,0.49407822192081957
4011-5,13,13,0,PEESE,PEESE,2.1322912437653643,2.1322912437653643,0.2913074734082737,0.2913074734082737
4011-6,42,42,0,PET,PET,1.101966054861397,1.101966054861397,1.156214600015608,1.156214600015608
4011-7,33,33,0,PET,PET,0.4947147621576691,0.4947147621576691,0.760309931219889,0.760309931219889
4011-8,21,21,0,PET,PET,-0.22773261071674794,-0.22773261071674794,0.6275524632944998,0.6275524632944998
4030-5,5,5,0,PET,PET,0.002089448866063843,0.002089448866063843,0.025944668501935955,0.025944668501935955
4031-1,525,450,75,PEESE,PEESE,-0.1799982110697889,-0.22910136050337654,-0.24410369202264823,-0.27967204630399395
4031-2,428,372,56,PET,PEESE,-0.2262524989302762,-0.466538920382246,-1.0649521708808454,-0.7831838223516234
4031-3,142,106,36,PET,PET,-0.6061365824415366,-0.3239303480559259,-2.1696204320252095,-1.2358433225110588
4044-1,14,14,0,PET,PET,-0.5153646734968419,-0.5153646734968419,-1.2759586163580794,-1.2759586163580794
4052-1,24,24,0,PEESE,PEESE,0.12445759047052778,0.12445759047052778,0.3221624140979575,0.3221624140979575
4052-2,52,52,0,PEESE,PEESE,2.1268835139173623,2.1268835139173623,1.516099752798622,1.516099752798622
4064-1,98,0,98,PET,PET-PEESE not estimable,383.05682210083734,NA,309.7383372621686,NA
4064-2,58,58,0,PEESE,PEESE,0.14992639893466975,0.14992639893466975,-0.4881224946835907,-0.4881224946835907
4099-1,225,198,27,PET,PET,0.9985294021149891,-0.41465832712326617,0.5413498109505287,0.2222161735128104
4152-1,53,53,0,PEESE,PEESE,0.3225083202000664,0.3225083202000664,0.6583037981639924,0.6583037981639924
4248-1,120,114,6,PET,PET,0.047022307063368136,0.003615096485529209,-0.30190582527910403,-0.1378930745895499
43-1,290,284,6,PET,PET,0.07320605118428,0.12064375708589656,-0.23076811022856897,-0.2179620970296815
439-1,12,12,0,PET,PET,0.029189699407937236,0.029189699407937236,0.11119447603144543,0.11119447603144543
439-2,7,7,0,PET,PET,0.011226963167244846,0.011226963167244846,0.1298379357844569,0.1298379357844569
439-3,6,6,0,PET,PET,0.014977571340357173,0.014977571340357173,0.01806250263067486,0.01806250263067486
439-4,7,7,0,PET,PET,0.005665481217803277,0.005665481217803277,0.03568612100743201,0.03568612100743201
460-1,11,11,0,PET,PET,0.03593126105959957,0.03593126105959957,0.09857256872239645,0.09857256872239645
460-2,6,6,0,PET,PET,-0.01888099992923671,-0.01888099992923671,0.15585523021615377,0.15585523021615377
460-3,7,7,0,PET,PET,2.8165821021854283e-4,2.8165821021854283e-4,0.005130363222981179,0.005130363222981179
460-4,11,11,0,PET,PET,0.002707868239218668,0.002707868239218668,0.11668446023539904,0.11668446023539904
460-5,6,6,0,PET,PET,0.025392710314095897,0.025392710314095897,0.13085477725536357,0.13085477725536357
460-6,11,11,0,PET,PET,0.04226723949452588,0.04226723949452588,0.0796363614578131,0.0796363614578131
463-2,24,24,0,PET,PET,-0.21523133567853045,-0.21523133567853045,-0.6397027108902947,-0.6397027108902947
494-1,10,10,0,PET,PET,-0.010192957873889515,-0.010192957873889515,0.11058831775104777,0.11058831775104777
496-1,6,6,0,PET,PET,0.08151710090390368,0.08151710090390368,0.04641039414295181,0.04641039414295181
496-2,8,8,0,PET,PET,0.09674824404036253,0.09674824404036253,0.24360602494899042,0.24360602494899042
500-1,6,6,0,PET,PET,0.09701085227229661,0.09701085227229661,0.07511673842300416,0.07511673842300416
500-2,6,6,0,PET,PET,0.16721410805172665,0.16721410805172665,0.1364594544374587,0.1364594544374587
500-3,7,7,0,PET,PET,0.03169139672736169,0.03169139672736169,0.027095838573939574,0.027095838573939574
500-4,7,7,0,PET,PET,0.07236065624480897,0.07236065624480897,0.04367054008276886,0.04367054008276886
500-5,5,5,0,PEESE,PEESE,-0.07511113959508012,-0.07511113959508012,0.06435799418068622,0.06435799418068622
533-10,56,54,2,PEESE,PET,0.23450066882291654,-1.4343811132802353,0.19708533840200534,0.188806499461151
533-11,72,72,0,PEESE,PEESE,0.4422503975951516,0.4422503975951516,-0.6055779941501832,-0.6055779941501832
533-15,53,51,2,PEESE,PEESE,-0.3024964643662864,-0.2679947817700449,-1.0454266775668066,-0.9850647462677532
533-3,157,154,3,PET,PET,-0.1700165281408386,-0.27088618567084577,-0.23143521888112778,-0.17281931026073796
533-4,23,23,0,PET,PET,0.02558445929325394,0.02558445929325394,0.024273772316865158,0.024273772316865158
533-5,33,31,2,PET,PEESE,1.089981157989116,-0.27924330174781103,-1.0352032428387614,-1.2486335257823395
533-6,59,59,0,PET,PET,0.4956169384836437,0.4956169384836437,-0.29248607820144895,-0.29248607820144895
533-9,295,282,13,PET,PEESE,0.7220402711804519,0.1341280271945681,-0.36870866661033397,-0.438378223836578
535-1,668,668,0,PEESE,PEESE,0.16980271036374056,0.16980271036374056,0.12050098146177325,0.12050098146177325
547-1,410,410,0,PEESE,PEESE,0.08622336781753007,0.08622336781753007,0.14400453560743853,0.14400453560743853
547-2,158,158,0,PET,PET,0.037281929991267664,0.037281929991267664,0.06748042748159443,0.06748042748159443
547-3,101,99,2,PET,PEESE,0.23731502889795422,0.27083336656543955,0.3304460675627144,0.2422181212068543
547-4,48,48,0,PET,PET,-0.5546345738883182,-0.5546345738883182,0.04735313244088016,0.04735313244088016
547-5,148,148,0,PET,PET,0.04175287627207088,0.04175287627207088,-6.836893762585118e-4,-6.836893762585118e-4
547-6,109,109,0,PET,PET,0.023660677801977552,0.023660677801977552,0.0017149508470950263,0.0017149508470950263
547-7,680,680,0,PET,PET,0.04475376450621467,0.04475376450621467,0.09451299352697239,0.09451299352697239
547-8,188,188,0,PEESE,PEESE,-0.20140213157006365,-0.20140213157006365,-0.18323646411512026,-0.18323646411512026
566-1,125,125,0,PEESE,PEESE,0.14809939528540048,0.14809939528540048,0.24050804269499176,0.24050804269499176
566-10,117,116,1,PET,PET,-0.02208226920991254,0.0458643927588118,-0.10817301756946816,-0.0416117845777629
566-12,99,98,1,PET,PET,0.1508395980515766,0.10832311534404833,0.17089293609942616,0.17689526497300156
566-13,136,136,0,PEESE,PEESE,0.07529613850301836,0.07529613850301836,0.08797215817434768,0.08797215817434768
566-2,144,138,6,PEESE,PET,0.09109493341901503,0.22692895098209134,0.2422320062916219,0.2239114531008966
566-4,79,79,0,PET,PET,-0.28917837517934325,-0.28917837517934325,-0.11857444985619199,-0.11857444985619199
566-5,35,35,0,PET,PET,-0.09239819455860263,-0.09239819455860263,0.12841257175336346,0.12841257175336346
566-6,124,123,1,PET,PET,-0.11954715321164791,-0.09544370305896746,-0.22177422267660946,-0.22531370156036734
566-7,16,16,0,PET,PET,-0.21524912113972403,-0.21524912113972403,0.11323580049869021,0.11323580049869021
566-8,76,76,0,PET,PET,0.17895548830782876,0.17895548830782876,0.27922867908741067,0.27922867908741067
566-9,111,111,0,PET,PET,0.18085821660942328,0.18085821660942328,0.1574513870111604,0.1574513870111604
581-1,98,98,0,PET,PET,0.002596824940857423,0.002596824940857423,0.006419780350713308,0.006419780350713308
581-2,59,59,0,PEESE,PEESE,0.003396776182467373,0.003396776182467373,0.005463179958623745,0.005463179958623745
608-1,7,7,0,PEESE,PEESE,-0.33556015887505153,-0.33556015887505153,-0.22235556020193925,-0.22235556020193925
608-2,17,17,0,PEESE,PEESE,-0.969513873406015,-0.969513873406015,-0.513759983417338,-0.513759983417338
608-3,11,11,0,PEESE,PEESE,0.9930147717540573,0.9930147717540573,0.6980445611836742,0.6980445611836742
62-1,27,27,0,PEESE,PEESE,0.008119162670129243,0.008119162670129243,1.100084776694508,1.100084776694508
62-2,26,25,1,PET,PEESE,-0.5984124408215563,-0.7691267348578988,-0.355101002405082,-0.2924689442046143
623-1,12,12,0,PEESE,PEESE,1.077641957711552,1.077641957711552,1.1089066405958272,1.1089066405958272
623-2,6,5,1,PET,PEESE,1.8386743451755685,1.4598702903703988,0.6719941688196047,1.3929974474825626
624-1,123,123,0,PEESE,PEESE,0.07781677955207787,0.07781677955207787,0.09379548219267052,0.09379548219267052
624-2,155,155,0,PET,PET,0.01785549951697982,0.01785549951697982,-0.08069920772768413,-0.08069920772768413
624-3,182,182,0,PET,PET,-0.05691363858667092,-0.05691363858667092,-0.15825871056785432,-0.15825871056785432
625-1,27,27,0,PET,PET,0.0029051119273010447,0.0029051119273010447,0.015107275306028435,0.015107275306028435
625-2,73,73,0,PEESE,PEESE,0.009645859862389989,0.009645859862389989,0.013605245434578667,0.013605245434578667
625-3,14,14,0,PET,PET,0.003862292027707416,0.003862292027707416,0.005781625793841495,0.005781625793841495
63-1,5,5,0,PET,PET,0.11846891841815888,0.11846891841815888,0.07516578007298394,0.07516578007298394
63-10,6,6,0,PET,PET,-0.03637691817214152,-0.03637691817214152,0.030500016817664923,0.030500016817664923
63-11,6,6,0,PET,PET,0.140371181255462,0.140371181255462,0.08331480594755337,0.08331480594755337
63-12,8,8,0,PET,PET,0.08864808587945498,0.08864808587945498,0.07587917308313115,0.07587917308313115
63-13,11,11,0,PET,PET,0.048433342640936516,0.048433342640936516,0.001328987368086739,0.001328987368086739
63-14,5,5,0,PET,PET,-0.066954264820281,-0.066954264820281,-0.01775983162924854,-0.01775983162924854
63-15,8,8,0,PET,PET,0.07820946001977877,0.07820946001977877,0.014147987213418277,0.014147987213418277
63-17,10,10,0,PET,PET,0.0261902661743865,0.0261902661743865,-0.02163339994152285,-0.02163339994152285
63-18,11,11,0,PET,PET,0.09351989814046835,0.09351989814046835,-0.0269938992932209,-0.0269938992932209
63-19,7,7,0,PEESE,PEESE,0.2120704370805482,0.2120704370805482,0.11618762889501405,0.11618762889501405
63-2,6,6,0,PET,PET,0.06782632740168443,0.06782632740168443,0.044210774358329104,0.044210774358329104
63-20,9,9,0,PET,PET,0.2641869232912618,0.2641869232912618,0.07137897783512001,0.07137897783512001
63-22,5,5,0,PET,PET,-0.0015077784615280046,-0.0015077784615280046,-0.09169167125288398,-0.09169167125288398
63-23,7,7,0,PEESE,PEESE,-0.08240493415258249,-0.08240493415258249,-0.057591970544276186,-0.057591970544276186
63-24,10,10,0,PET,PET,-0.030397999933651207,-0.030397999933651207,-0.029724080757768848,-0.029724080757768848
63-26,7,7,0,PET,PET,0.09350952303494182,0.09350952303494182,-0.010943706490081605,-0.010943706490081605
63-3,5,5,0,PEESE,PEESE,0.11028340910291203,0.11028340910291203,0.11296580800123643,0.11296580800123643
63-4,8,8,0,PET,PET,0.19671589053541677,0.19671589053541677,-0.2763967542753955,-0.2763967542753955
63-5,9,9,0,PET,PET,0.22819511634217415,0.22819511634217415,0.03556115911940266,0.03556115911940266
63-6,5,5,0,PEESE,PEESE,0.4741797013896209,0.4741797013896209,-0.32537412995078996,-0.32537412995078996
63-7,5,5,0,PET,PET,0.3800234159988889,0.3800234159988889,0.44679267012133744,0.44679267012133744
63-8,9,9,0,PET,PET,0.14521587904625968,0.14521587904625968,0.08221565460554496,0.08221565460554496
63-9,11,11,0,PET,PET,0.12759819030148878,0.12759819030148878,0.042351856077083215,0.042351856077083215
651-1,122,122,0,PEESE,PEESE,-0.1482379043458076,-0.1482379043458076,-0.16701818643427196,-0.16701818643427196
715-1,14,14,0,PET,PET,-0.03593712152019563,-0.03593712152019563,0.18757954010418126,0.18757954010418126
715-2,6,6,0,PET,PET,0.048255845605576386,0.048255845605576386,0.09566533138650793,0.09566533138650793
715-3,16,16,0,PET,PET,0.05880631173061393,0.05880631173061393,0.07974457971006406,0.07974457971006406
753-1,77,61,16,PET,PEESE,1.0251382653226437,-0.06847442992912299,-0.8167525123974638,-1.0439369986183389
753-13,35,34,1,PET,PET,0.7697484598795774,-5.219366857254562,0.05577720267787493,0.13310710346507834
753-14,35,35,0,PET,PET,-1.4615503374897387,-1.4615503374897387,0.24679029200311592,0.24679029200311592
753-2,104,88,16,PET,PET,-0.8845145505725719,1.072471625455448,-0.3253764295911661,-0.422678171452247
753-7,18,18,0,PEESE,PEESE,0.1365171332825068,0.1365171332825068,-1.6616261701963722,-1.6616261701963722
755-1,31,31,0,PET,PET,-0.08602370417752406,-0.08602370417752406,-0.258738309967259,-0.258738309967259
813-1,59,59,0,PEESE,PEESE,0.31029666765015385,0.31029666765015385,0.42737248138945205,0.42737248138945205
813-2,8,7,1,PET,PET,0.40486181610253535,-0.8840380026059755,1.2782210880014693,1.2958205622125347
813-3,41,41,0,PET,PET,0.24947291272003824,0.24947291272003824,-0.3407033261151545,-0.3407033261151545
816-1,54,53,1,PEESE,PEESE,0.43193773898793686,0.4272992726923943,0.48016950130827113,0.48009821450955675
816-2,9,9,0,PET,PET,0.09385747780204082,0.09385747780204082,0.2786847406352661,0.2786847406352661
83-1,7,7,0,PEESE,PEESE,0.88140199583796075,0.88140199583796075,0.293412341204164,0.293412341204164
83-2,10,10,0,PET,PET,0.013891253211444651,0.013891253211444651,0.06258271189758796,0.06258271189758796
847-1,7,7,0,PET,PET,0.7462811272398225,0.7462811272398225,0.5009003610398223,0.5009003610398223
847-2,8,8,0,PET,PET,-0.9712390972597068,-0.9712390972597068,0.30166538917595287,0.30166538917595287
849-1,31,31,0,PEESE,PEESE,0.4051579939088378,0.4051579939088378,0.5156904990057751,0.5156904990057751
849-2,33,33,0,PET,PET,-0.004824812770831751,-0.004824812770831751,0.08291277374426263,0.08291277374426263
849-3,15,15,0,PEESE,PEESE,0.34717373892615627,0.34717373892615627,0.2449010016245503,0.2449010016245503
850-1,7,0,7,PET,PET-PEESE not estimable,-9.796613978034612,NA,-11.26496346809386,NA
850-2,7,7,0,PET,PET,0.013515913436127576,0.013515913436127576,0.07348204487845356,0.07348204487845356
855-1,42,36,6,PET,PET,-0.0885877123648055,-1.180859946775731,0.7891215254100572,0.12536859150345442
855-2,79,76,3,PEESE,PEESE,-0.14019953066227708,-0.19352381033087845,2.066899494371306,2.1294808139550736
855-3,47,42,5,PET,PEESE,-2.4371549103316306,-0.17312114273393797,2.1567262180303204,1.6966127167753289
855-4,66,45,21,PEESE,PEESE,-0.607036028725219,-0.7319445800015589,1.4510738568499622,1.426108341722395
871-1,12,12,0,PET,PET,8.788730373836123e-4,8.788730373836123e-4,0.3263604089860248,0.3263604089860248
871-2,5,5,0,PEESE,PEESE,0.11737693609756485,0.11737693609756485,0.11994008086516598,0.11994008086516598
871-3,6,6,0,PET,PET,0.004942765458984061,0.004942765458984061,0.07556790367474692,0.07556790367474692
877-1,124,117,7,PEESE,PEESE,0.3689163320534732,0.06771686396734888,0.9079891121068083,0.9075955623706241
877-2,117,109,8,PEESE,PEESE,0.22914993604815218,0.08305430174392164,1.1297130388462913,1.1479081299820133
908-1,13,13,0,PET,PET,0.01160355778526017,0.01160355778526017,0.021218447369164357,0.021218447369164357
91-1,269,255,14,PEESE,PEESE,0.6552957383954268,0.5439629727048438,0.6652805884689428,0.5873268526454384
91-10,614,586,28,PEESE,PET,0.189675063201094,0.07164286941118266,0.2786802872373124,0.05997927846924541
91-11,544,465,79,PEESE,PEESE,-0.7154165168101,-0.22412566969670505,-0.7444932612687307,-0.2689746560936972
91-12,31,31,0,PET,PET,-0.16511229180983567,-0.16511229180983567,-0.1868448597134868,-0.1868448597134868
91-2,187,182,5,PEESE,PEESE,-0.31425307284751003,-0.23331112856749217,-0.38827873200609214,-0.3003521954256245
91-3,133,133,0,PEESE,PEESE,-0.08133981094653384,-0.08133981094653384,-0.0894008638052858,-0.0894008638052858
91-4,240,227,13,PEESE,PEESE,-0.43484354988953355,-0.22415334706861448,-0.44802140965086756,-0.26656011378768724
91-5,183,183,0,PEESE,PEESE,0.056130894426004406,0.056130894426004406,0.04313789917290668,0.04313789917290668
91-6,705,698,7,PEESE,PEESE,-0.15115601059171582,-0.13089167634847165,-0.15794395359076618,-0.13931087256388883
91-7,32,32,0,PET,PET,0.1793189431632155,0.1793189431632155,0.17763165608033243,0.17763165608033243
91-8,45,45,0,PET,PET,-0.07817854113226286,-0.07817854113226286,-0.0793069537615554,-0.0793069537615554
91-9,158,154,4,PEESE,PEESE,-0.7789039561422552,-0.5877512953166023,-0.8049362016278003,-0.6180851861287515
912-1,65,65,0,PEESE,PEESE,0.4841302758977706,0.4841302758977706,0.6004362065994014,0.6004362065994014
912-2,101,101,0,PEESE,PEESE,1.0561819474840588,1.0561819474840588,0.909476562521234,0.909476562521234
936-1,64,32,32,PET,PET,-0.25122794587432273,-0.011782895412932426,-3.2802556787460997,-2.7404396280585144
936-2,49,13,36,PET,PET,-1.0360661647423623,-0.49327499853992457,-3.728722282459742,-0.9627432944328919
936-3,16,16,0,PET,PET,0.09350399885539651,0.09350399885539651,0.11951138232088575,0.11951138232088575
939-1,68,61,7,PET,PET,0.19438358953668422,0.3304484712609618,-1.2346068393788259,-1.3170428079065613
939-2,55,42,13,PET,PET,0.5477662216612098,0.5071262635853643,-1.0172949692178113,-0.5408348456624948
952-1,13,13,0,PEESE,PEESE,0.06976835808637565,0.06976835808637565,0.12233851705758199,0.12233851705758199
952-2,16,16,0,PEESE,PEESE,0.10034569443976751,0.10034569443976751,0.11942556094538838,0.11942556094538838
952-3,9,9,0,PET,PET,0.13258186322232068,0.13258186322232068,0.152815603043546,0.152815603043546
963-1,8,0,8,PET,PET-PEESE not estimable,85.57041032514257,NA,596.2384119514745,NA
996-1,6,6,0,PET,PET,0.7310420302442204,0.7310420302442204,0.6166713658694359,0.6166713658694359
996-2,5,5,0,PET,PET,-0.5630661816041332,-0.5630661816041332,0.6201409764137754,0.6201409764137754
996-3,6,6,0,PET,PET,0.22847392228799587,0.22847392228799587,0.882864963007897,0.882864963007897
996-4,5,5,0,PET,PET,0.4649543441651058,0.4649543441651058,0.884828379176524,0.884828379176524
996-5,6,6,0,PET,PET,-0.07882090271233505,-0.07882090271233505,1.232649284798969,1.232649284798969
996-6,6,6,0,PET,PET,-0.06734306496175146,-0.06734306496175146,0.9458788182762,0.9458788182762
